code,date,open,high,low,close,change,volume,money,traded_market_value,market_value,turnover,adjust_price,report_type,report_date,PE_TTM,PS_TTM,PC_TTM,PB
0,2014/12/31,15.45,15.79,15.11,15.69,0.021484,468832339,7271524766,2.34138E+11,2.92673E+11,0.031417231,130.2546419,2014/9/30 0:00,2014/10/31 0:00,6.37574199,2.51532578,3.401388408,1.265110859
0,2014/12/30,14.95,15.5,14.83,15.36,0.027425,443655559,6774519460,2.29214E+11,2.86517E+11,0.029730093,127.5151074,2014/9/30 0:00,2014/10/31 0:00,6.241646457,2.462423082,3.329849912,1.238502863
0,2014/12/29,15.4,15.88,14.71,14.95,0.012187,625216146,9556435997,2.23096E+11,2.78869E+11,0.041896769,124.1113535,2014/9/30 0:00,2014/10/31 0:00,6.075038526,2.396693756,3.240966408,1.205443573
0,2014/12/26,14.3,14.84,14.19,14.77,0.036491,466983121,6790353352,2.20409E+11,2.75512E+11,0.031293312,122.6170199,2014/9/30 0:00,2014/10/31 0:00,6.00189345,2.367836927,3.201944313,1.190929713
0,2014/12/25,13.75,14.27,13.53,14.25,0.058692,455721907,6359588287,2.1265E+11,2.65812E+11,0.030538679,118.3001298,2014/9/30 0:00,2014/10/31 0:00,5.790589064,2.28447418,3.089215741,1.149001499
0,2014/12/24,14.11,14.2,13.31,13.46,-0.046067,417579539,5715187854,2.00861E+11,2.51076E+11,0.027982696,111.7417812,2014/9/30 0:00,2014/10/31 0:00,5.469569114,2.157826998,2.91795512,1.085302901
0,2014/12/23,14.4,14.98,14.08,14.11,-0.038828,441578783,6398625351,2.1056E+11,2.632E+11,0.029590925,117.1379764,2014/9/30 0:00,2014/10/31 0:00,5.73370364,2.262032027,3.058867991,1.137713971
0,2014/12/22,14.18,15.2,14.14,14.68,0.041874,683449513,10043569171,2.19066E+11,2.73833E+11,0.045799083,121.8699425,2014/9/30 0:00,2014/10/31 0:00,5.96532529,2.35341024,3.182435601,1.183673651
0,2014/12/19,13.96,14.2,13.63,14.09,0.014399,436244208,6099396161,2.10262E+11,2.62827E+11,0.029233447,116.9718627,2014/9/30 0:00,2014/10/31 0:00,5.72557266,2.258824234,3.054530203,1.136100576
0,2014/12/18,14.22,14.34,13.71,13.89,-0.015592,499627853,7010664184,2.07277E+11,2.59097E+11,0.03348089,115.3114925,2014/9/30 0:00,2014/10/31 0:00,5.644300379,2.226761101,3.011172333,1.119974069
0,2014/12/17,13.49,14.39,13.33,14.11,0.061701,869703585,12037657249,2.1056E+11,2.632E+11,0.058280277,117.1379068,2014/9/30 0:00,2014/10/31 0:00,5.733700233,2.262030683,3.058866174,1.137713295
0,2014/12/16,12.7,13.3,12.65,13.29,0.041536,438688005,5706439860,1.98324E+11,2.47905E+11,0.029397209,110.3304101,2014/9/30 0:00,2014/10/31 0:00,5.400484914,2.130572245,2.881099457,1.071594823
0,2014/12/15,12.8,12.82,12.46,12.76,-0.016949,335025414,4232421865,1.90415E+11,2.38018E+11,0.022450608,105.9304817,2014/9/30 0:00,2014/10/31 0:00,5.185115938,2.045605956,2.766202471,1.02886009
0,2014/12/12,13.05,13.38,12.78,12.98,-0.005364,310558743,4067040277,1.93698E+11,2.42122E+11,0.020811055,107.7568525,2014/9/30 0:00,2014/10/31 0:00,5.27451367,2.080874701,2.81389518,1.046598895
0,2014/12/11,12.96,13.55,12.85,13.05,-0.008359,442571181,5847503446,1.94742E+11,2.43428E+11,0.029657428,108.3379775,2014/9/30 0:00,2014/10/31 0:00,5.302958741,2.092096708,2.829070313,1.052243127
0,2014/12/10,12.7,13.25,12.21,13.16,0.040316,620272395,7901267906,1.96384E+11,2.4548E+11,0.04156548,109.2512083,2014/9/30 0:00,2014/10/31 0:00,5.347659829,2.109731958,2.852917854,1.06111297
0,2014/12/9,13.56,14.16,12.46,12.65,-0.083997,869193775,11788051418,1.88773E+11,2.35966E+11,0.058246114,105.0173296,2014/9/30 0:00,2014/10/31 0:00,5.140418709,2.027972229,2.742356989,1.019991013
0,2014/12/8,13.39,14.04,13.2,13.81,0.020695,703922500,9622363300,2.06084E+11,2.57604E+11,0.047171012,114.6473643,2014/9/30 0:00,2014/10/31 0:00,5.611792438,2.213936231,2.993829703,1.113523659
0,2014/12/5,13.42,14,12.9,13.53,0.019593,859647616,11553890777,2.01905E+11,2.52381E+11,0.05760641,112.3228431,2014/9/30 0:00,2014/10/31 0:00,5.498011099,2.169047787,2.933128606,1.090946521
0,2014/12/4,12.58,13.3,12.37,13.27,0.054849,720041669,9307946036,1.98025E+11,2.47532E+11,0.048251184,110.1643921,2014/9/30 0:00,2014/10/31 0:00,5.392358616,2.127366299,2.876764166,1.069982357
0,2014/12/3,12.84,13.29,12.32,12.58,-0.022533,730561448,9380076839,1.87729E+11,2.34661E+11,0.048956132,104.4361725,2014/9/30 0:00,2014/10/31 0:00,5.111972061,2.0167496,2.727181015,1.014346467
0,2014/12/2,12.03,13.08,12.03,12.87,0.058388,589371031,7404591089,1.92056E+11,2.4007E+11,0.039494728,106.8436812,2014/9/30 0:00,2014/10/31 0:00,5.229815493,2.063240601,2.790049193,1.037729629
0,2014/12/1,12.45,12.98,12.12,12.16,-0.019355,607270363,7590567304,1.81461E+11,2.26826E+11,0.040694192,100.949445,2014/9/30 0:00,2014/10/31 0:00,4.94130271,1.949417983,2.636130789,0.980481288
0,2014/11/28,11.53,12.48,11.48,12.4,0.080139,832183256,9950390236,1.85042E+11,2.31303E+11,0.055765978,102.9418852,2014/9/30 0:00,2014/10/31 0:00,5.038829251,1.987893665,2.688160128,0.999833056
0,2014/11/27,11.48,11.72,11.28,11.48,0.014134,439738276,5062406815,1.71313E+11,2.14142E+11,0.02946759,95.30429433,2014/9/30 0:00,2014/10/31 0:00,4.664982239,1.840405416,2.488716848,0.925652214
0,2014/11/26,11.25,11.43,11.1,11.32,0.021661,452263345,5092828904,1.68926E+11,2.11157E+11,0.030306915,93.97603702,2014/9/30 0:00,2014/10/31 0:00,4.599966315,1.814755659,2.454031566,0.912751386
0,2014/11/25,10.81,11.09,10.75,11.08,0.020258,289490093,3159162410,1.65344E+11,2.0668E+11,0.01939921,91.98358068,2014/9/30 0:00,2014/10/31 0:00,4.502438984,1.776279665,2.402001805,0.89339946
0,2014/11/24,10.57,10.99,10.45,10.86,0.006487,474049927,5090821659,1.62061E+11,2.02577E+11,0.03176687,90.15717659,2014/9/30 0:00,2014/10/31 0:00,4.413039627,1.741010279,2.354308229,0.875660333
0,2014/11/21,10.58,10.82,10.46,10.79,0.020814,209997641,2234174865,1.61017E+11,2.01271E+11,0.01407229,89.57609646,2014/9/30 0:00,2014/10/31 0:00,4.384596748,1.729789137,2.339134265,0.870016536
0,2014/11/20,10.45,10.66,10.37,10.57,0.009551,162402495,1709647461,1.57734E+11,1.97167E+11,0.01088286,87.74967473,2014/9/30 0:00,2014/10/31 0:00,4.295196528,1.69451941,2.291440228,0.852277237
0,2014/11/19,10.43,10.54,10.39,10.47,0.001914,145326646,1518565385,1.56241E+11,1.95302E+11,0.009738579,86.91950652,2014/9/30 0:00,2014/10/31 0:00,4.254561214,1.678488169,2.269761734,0.844214148
0,2014/11/18,10.75,10.8,10.43,10.45,-0.027907,254900899,2687326957,1.55943E+11,1.94929E+11,0.017081331,86.7534604,2014/9/30 0:00,2014/10/31 0:00,4.24643354,1.67528168,2.265425709,0.842601409
0,2014/11/17,10.94,11.08,10.73,10.75,-0.013761,214519835,2329015774,1.6042E+11,2.00525E+11,0.014375329,89.2439925,2014/9/30 0:00,2014/10/31 0:00,4.368340827,1.723375933,2.330461909,0.866790944
0,2014/11/14,10.88,10.98,10.75,10.9,-0.003656,198414346,2154897404,1.62658E+11,2.03323E+11,0.013296074,90.48921458,2014/9/30 0:00,2014/10/31 0:00,4.429292319,1.74742221,2.362978862,0.878885284
0,2014/11/13,11.1,11.38,10.86,10.94,-0.009955,371263986,4115769395,1.63255E+11,2.04069E+11,0.024879014,90.82125709,2014/9/30 0:00,2014/10/31 0:00,4.445545232,1.753834227,2.371649613,0.882110279
0,2014/11/12,10.85,11.07,10.74,11.05,0.011905,271038574,2961655250,1.64897E+11,2.06121E+11,0.018162744,91.73447378,2014/9/30 0:00,2014/10/31 0:00,4.490245628,1.771469203,2.395496783,0.890979985
0,2014/11/11,10.62,11.26,10.62,10.92,0.035071,653738973,7163875483,1.62957E+11,2.03696E+11,0.043808131,90.65522335,2014/9/30 0:00,2014/10/31 0:00,4.437418164,1.750627977,2.367313911,0.88049766
0,2014/11/10,10.53,10.81,10.42,10.55,0.036346,489376864,5168943744,1.57435E+11,1.96794E+11,0.032793954,87.58357963,2014/9/30 0:00,2014/10/31 0:00,4.287066457,1.691311975,2.287102924,0.850664022
0,2014/11/7,10.01,10.39,9.98,10.18,0.014955,407114119,4155058255,1.51914E+11,1.89892E+11,0.027281391,84.51190975,2014/9/30 0:00,2014/10/31 0:00,4.136713469,1.631995468,2.206891255,0.820830131
0,2014/11/6,10.01,10.04,9.95,10.03,0.004004,101863094,1018619320,1.49675E+11,1.87094E+11,0.006826015,83.2666569,2014/9/30 0:00,2014/10/31 0:00,4.075760471,1.607948597,2.174373499,0.808735491
0,2014/11/5,10.08,10.11,9.96,9.99,-0.007944,157561422,1578932517,1.49079E+11,1.86348E+11,0.010558452,82.93458681,2014/9/30 0:00,2014/10/31 0:00,4.059506208,1.601536046,2.165702028,0.805510228
0,2014/11/4,10.2,10.2,10.02,10.07,-0.008858,163212641,1645394573,1.50272E+11,1.8784E+11,0.010937149,83.59869485,2014/9/30 0:00,2014/10/31 0:00,4.092013161,1.614360526,2.183044131,0.811960442
0,2014/11/3,10.25,10.28,10.1,10.16,-0.003922,248371619,2525984147,1.51615E+11,1.89519E+11,0.016643793,84.34583021,2014/9/30 0:00,2014/10/31 0:00,4.128584159,1.628788333,2.202554357,0.819217067
0,2014/10/31,9.88,10.38,9.85,10.2,0.039755,491064711,4953082712,1.52212E+11,1.90265E+11,0.032907059,84.67793708,2014/9/30 0:00,2014/10/31 0:00,4.144840223,1.635201594,2.211226789,0.822442687
0,2014/10/30,9.72,9.85,9.65,9.81,0.01134,176780522,1722710639,1.46392E+11,1.82991E+11,0.011846355,81.4402788,2014/6/30 0:00,2014/8/14 0:00,4.140707591,1.638941065,6.864981997,0.838186326
0,2014/10/29,9.61,9.75,9.57,9.7,0.01147,161050635,1555124009,1.44751E+11,1.80939E+11,0.01079227,80.52710146,2014/6/30 0:00,2014/8/14 0:00,4.094278473,1.62056387,6.788006009,0.828787871
0,2014/10/28,9.5,9.61,9.5,9.59,0.012672,101044054,965189350,1.43109E+11,1.78887E+11,0.006771129,79.61392969,2014/6/30 0:00,2014/8/14 0:00,4.047849638,1.602186788,6.711030489,0.819389474
0,2014/10/27,9.62,9.63,9.4,9.47,-0.021694,138929487,1323460330,1.41319E+11,1.76648E+11,0.009309895,78.61768637,2014/6/30 0:00,2014/8/14 0:00,3.997197156,1.582137936,6.62705248,0.809136101
0,2014/10/24,9.77,9.79,9.66,9.68,-0.007179,108312657,1054022659,1.44452E+11,1.80566E+11,0.00725821,80.36103874,2014/6/30 0:00,2014/8/14 0:00,4.085835266,1.617221949,6.774007806,0.827078748
0,2014/10/23,9.78,9.88,9.72,9.75,-0.003067,118416324,1159897472,1.45497E+11,1.81871E+11,0.007935274,80.94212224,2014/6/30 0:00,2014/8/14 0:00,4.115379576,1.628915937,6.822990051,0.83305928
0,2014/10/22,9.79,9.88,9.75,9.78,0,91092137,893481676,1.45945E+11,1.82431E+11,0.006104235,81.19113545,2014/6/30 0:00,2014/8/14 0:00,4.128040275,1.633927191,6.84398054,0.835622133
0,2014/10/21,9.89,9.91,9.76,9.78,-0.012121,105290636,1034461912,1.45945E+11,1.82431E+11,0.0070557,81.19113545,2014/6/30 0:00,2014/8/14 0:00,4.128040275,1.633927191,6.84398054,0.835622133
0,2014/10/20,9.93,9.95,9.82,9.9,0.005076,114718758,1133473887,1.47735E+11,1.84669E+11,0.007687494,82.18732806,2014/6/30 0:00,2014/8/14 0:00,4.178690179,1.653975022,6.927954273,0.845874984
0,2014/10/17,9.88,10,9.75,9.85,-0.004044,161019857,1588282410,1.46989E+11,1.83737E+11,0.010790207,81.7722521,2014/6/30 0:00,2014/8/14 0:00,4.157586271,1.645621846,6.89296558,0.841603007
0,2014/10/16,9.74,10.04,9.7,9.89,0.010215,296366859,2936900132,1.47586E+11,1.84483E+11,0.019860034,82.10428182,2014/6/30 0:00,2014/8/14 0:00,4.174467819,1.652303762,6.920953918,0.845020269
0,2014/10/15,9.72,9.85,9.64,9.79,0.007202,133922265,1304901629,1.46094E+11,1.82617E+11,0.008974353,81.27406722,2014/6/30 0:00,2014/8/14 0:00,4.132256816,1.635596148,6.850971246,0.83647567
0,2014/10/14,9.72,9.82,9.69,9.72,-0.001028,84002904,818017648,1.45049E+11,1.81312E+11,0.005629174,80.69291684,2014/6/30 0:00,2014/8/14 0:00,4.102709105,1.623900814,6.801983362,0.830494449
0,2014/10/13,9.79,9.83,9.68,9.73,-0.010173,109831220,1069089803,1.45199E+11,1.81498E+11,0.007359972,80.77595452,2014/6/30 0:00,2014/8/14 0:00,4.10693103,1.625571902,6.808982997,0.831349076
0,2014/10/10,9.8,9.91,9.77,9.83,-0.00203,133030186,1308626408,1.46691E+11,1.83364E+11,0.008914573,81.60613372,2014/6/30 0:00,2014/8/14 0:00,4.149140233,1.642278804,6.878962684,0.839893311
0,2014/10/9,9.85,9.94,9.81,9.85,0.001016,130968217,1293022527,1.46989E+11,1.83737E+11,0.008776397,81.77213114,2014/6/30 0:00,2014/8/14 0:00,4.157580121,1.645619412,6.892955384,0.841601762
0,2014/10/8,9.78,9.85,9.73,9.84,0.009231,142724444,1398725077,1.4684E+11,1.8355E+11,0.009564201,81.68913498,2014/6/30 0:00,2014/8/14 0:00,4.153360307,1.643949159,6.885959249,0.840747563
0,2014/9/30,9.78,9.8,9.7,9.75,-0.001025,105093276,1023862494,1.45497E+11,1.81871E+11,0.007042474,80.94195975,2014/6/30 0:00,2014/8/14 0:00,4.115371314,1.628912666,6.822976354,0.833057608
0,2014/9/29,9.75,9.81,9.72,9.76,0.004115,121763013,1188241034,1.45646E+11,1.82058E+11,0.008159541,81.02501039,2014/6/30 0:00,2014/8/14 0:00,4.119593898,1.630584015,6.829977081,0.833912368
0,2014/9/26,9.69,9.74,9.64,9.72,0.00103,80598327,781818068,1.45049E+11,1.81312E+11,0.005401027,80.69295886,2014/6/30 0:00,2014/8/14 0:00,4.102711241,1.62390166,6.801986905,0.830494882
0,2014/9/25,9.79,9.83,9.68,9.71,-0.005123,137216320,1340440535,1.449E+11,1.81125E+11,0.009195093,80.60993063,2014/6/30 0:00,2014/8/14 0:00,4.098489797,1.622230762,6.794988067,0.829640352
0,2014/9/24,9.61,9.79,9.59,9.76,0.013499,152637326,1480725849,1.45646E+11,1.82058E+11,0.01022848,81.02502182,2014/6/30 0:00,2014/8/14 0:00,4.119594479,1.630584245,6.829978044,0.833912486
0,2014/9/23,9.61,9.69,9.6,9.63,0.002081,88224150,850252148,1.43706E+11,1.79633E+11,0.005912046,79.94583302,2014/6/30 0:00,2014/8/14 0:00,4.06472476,1.608866161,6.739008173,0.822805435
0,2014/9/22,9.83,9.83,9.61,9.61,-0.024365,155546883,1505934022,1.43408E+11,1.7926E+11,0.010423454,79.77981123,2014/6/30 0:00,2014/8/14 0:00,4.056283634,1.605525063,6.72501342,0.821096733
0,2014/9/19,9.72,9.91,9.7,9.85,0.012333,286004782,2816151314,1.46989E+11,1.83737E+11,0.019165654,81.77219066,2014/6/30 0:00,2014/8/14 0:00,4.157583147,1.645620609,6.8929604,0.841602375
0,2014/9/18,9.56,9.75,9.53,9.73,0.016719,218993865,2119148592,1.45199E+11,1.81498E+11,0.014675141,80.77598049,2014/6/30 0:00,2014/8/14 0:00,4.10693235,1.625572425,6.808985186,0.831349343
0,2014/9/17,9.63,9.66,9.53,9.57,-0.005198,116577448,1116528160,1.42811E+11,1.78514E+11,0.007812048,79.44769448,2014/6/30 0:00,2014/8/14 0:00,4.039397661,1.598841395,6.697017746,0.817678575
0,2014/9/16,9.65,9.76,9.59,9.62,0.002083,222751521,2154511976,1.43557E+11,1.79446E+11,0.014926948,79.86282143,2014/6/30 0:00,2014/8/14 0:00,4.060504162,1.607195598,6.732010738,0.821951077
0,2014/9/15,9.56,9.64,9.51,9.6,0,99444466,950656348,1.43259E+11,1.79073E+11,0.006663938,79.69681297,2014/6/30 0:00,2014/8/14 0:00,4.052063713,1.603854769,6.718017109,0.820242512
0,2014/9/12,9.61,9.61,9.53,9.6,0,80296496,768304362,1.43259E+11,1.79073E+11,0.005380801,79.69681297,2014/6/30 0:00,2014/8/14 0:00,4.052063713,1.603854769,6.718017109,0.820242512
0,2014/9/11,9.6,9.73,9.57,9.6,0.001043,119763193,1152958001,1.43259E+11,1.79073E+11,0.00802553,79.69681297,2014/6/30 0:00,2014/8/14 0:00,4.052063713,1.603854769,6.718017109,0.820242512
0,2014/9/10,9.65,9.66,9.57,9.59,-0.01134,111659515,1073076812,1.43109E+11,1.78887E+11,0.007482489,79.6137758,2014/6/30 0:00,2014/8/14 0:00,4.047841814,1.602183691,6.711017517,0.81938789
0,2014/9/9,9.75,9.82,9.68,9.7,-0.004107,123866063,1205605803,1.44751E+11,1.80939E+11,0.00830047,80.52695143,2014/6/30 0:00,2014/8/14 0:00,4.094270845,1.620560851,6.787993362,0.828786327
0,2014/9/5,9.73,9.78,9.69,9.74,0.00309,126925907,1234561990,1.45348E+11,1.81685E+11,0.008505515,80.85903951,2014/6/30 0:00,2014/8/14 0:00,4.11115536,1.627243942,6.815986619,0.83220419
0,2014/9/4,9.7,9.72,9.63,9.71,0.003099,98919202,956753811,1.449E+11,1.81125E+11,0.006628739,80.60995475,2014/6/30 0:00,2014/8/14 0:00,4.098491023,1.622231247,6.7949901,0.8296406
0,2014/9/3,9.63,9.74,9.62,9.68,0.008333,128588110,1244849632,1.44452E+11,1.80566E+11,0.008616902,80.36091627,2014/6/30 0:00,2014/8/14 0:00,4.085829039,1.617219484,6.773997481,0.827077487
0,2014/9/2,9.51,9.63,9.46,9.6,0.011591,128705724,1227884244,1.43259E+11,1.79073E+11,0.008624784,79.69680281,2014/6/30 0:00,2014/8/14 0:00,4.052063196,1.603854564,6.718016252,0.820242407
0,2014/9/1,9.49,9.52,9.44,9.49,0.002112,68578076,650654489,1.41617E+11,1.77021E+11,0.00459553,78.78362185,2014/6/30 0:00,2014/8/14 0:00,4.005633894,1.585477297,6.641039958,0.810843915
0,2014/8/29,9.4,9.48,9.36,9.47,0.011752,53881605,507394707,1.41319E+11,1.76648E+11,0.003610696,78.61758151,2014/6/30 0:00,2014/8/14 0:00,3.997191825,1.582135826,6.627043642,0.809135022
0,2014/8/28,9.45,9.45,9.36,9.36,-0.009524,70289162,661133087,1.39677E+11,1.74596E+11,0.004710193,77.70439941,2014/6/30 0:00,2014/8/14 0:00,3.950762464,1.563758536,6.550067251,0.799736519
0,2014/8/27,9.45,9.5,9.43,9.45,-0.001057,54628769,516864196,1.4102E+11,1.76275E+11,0.003660764,78.45157219,2014/6/30 0:00,2014/8/14 0:00,3.988751332,1.578794979,6.613049939,0.807426448
0,2014/8/26,9.43,9.5,9.41,9.46,0.002119,85213616,804802442,1.41169E+11,1.76462E+11,0.005710305,78.53458324,2014/6/30 0:00,2014/8/14 0:00,3.992971903,1.580465531,6.620047329,0.808280801
0,2014/8/25,9.52,9.53,9.42,9.44,-0.010482,90596114,856940044,1.40871E+11,1.76089E+11,0.006070996,78.36852035,2014/6/30 0:00,2014/8/14 0:00,3.984528687,1.577123606,6.606049111,0.806571676
0,2014/8/22,9.5,9.58,9.47,9.54,0.004211,76885741,733185581,1.42363E+11,1.77954E+11,0.005152241,79.19868092,2014/6/30 0:00,2014/8/14 0:00,4.026736943,1.593830134,6.676027228,0.815115718
0,2014/8/21,9.64,9.65,9.43,9.5,-0.014523,118057183,1123688998,1.41766E+11,1.77208E+11,0.007911207,78.86657378,2014/6/30 0:00,2014/8/14 0:00,4.009851459,1.587146659,6.648032364,0.81169766
0,2014/8/20,9.71,9.71,9.63,9.64,-0.007209,70135543,677452354,1.43856E+11,1.79819E+11,0.004699899,80.02883251,2014/6/30 0:00,2014/8/14 0:00,4.068944743,1.61053648,6.746004589,0.823659669
0,2014/8/19,9.78,9.78,9.64,9.71,-0.001029,99796164,968114276,1.449E+11,1.81125E+11,0.006687506,80.60994964,2014/6/30 0:00,2014/8/14 0:00,4.098490763,1.622231145,6.794989669,0.829640548
0,2014/8/18,9.69,9.81,9.67,9.72,0.004132,96111663,933999548,1.45049E+11,1.81312E+11,0.006440602,80.69298272,2014/6/30 0:00,2014/8/14 0:00,4.102712454,1.62390214,6.801988916,0.830495127
0,2014/8/15,9.63,9.7,9.58,9.68,0.008333,83507836,806096135,1.44452E+11,1.80566E+11,0.005595998,80.36093135,2014/6/30 0:00,2014/8/14 0:00,4.085829806,1.617219788,6.773998753,0.827077642
0,2014/8/14,9.63,9.68,9.58,9.6,-0.001041,102325664,986409896,1.43259E+11,1.79073E+11,0.006857012,79.69681777,2014/6/30 0:00,2014/8/14 0:00,4.052063957,1.603854865,6.718017513,0.820242561
0,2014/8/13,9.64,9.68,9.53,9.61,-0.003112,97201687,932751444,1.43408E+11,1.7926E+11,0.006513646,79.77986861,2014/3/31 0:00,2014/4/30 0:00,4.501438409,1.826453452,1.497582235,0.887599753
0,2014/8/12,9.69,9.7,9.6,9.64,-0.006186,80856190,779243625,1.43856E+11,1.79819E+11,0.005418307,80.02891861,2014/3/31 0:00,2014/4/30 0:00,4.515490616,1.832155118,1.50225726,0.890370586
0,2014/8/11,9.57,9.73,9.57,9.7,0.016771,99902317,966146824,1.44751E+11,1.80939E+11,0.00669462,80.52705899,2014/3/31 0:00,2014/4/30 0:00,4.543597309,1.843559377,1.511608067,0.895912702
0,2014/8/8,9.56,9.6,9.5,9.54,-0.002092,120982762,1154961190,1.42363E+11,1.77954E+11,0.008107255,79.19881566,2014/3/31 0:00,2014/4/30 0:00,4.46865352,1.813151021,1.48667504,0.881135184
0,2014/8/7,9.75,9.78,9.55,9.56,-0.01848,141244203,1363312806,1.42662E+11,1.78327E+11,0.009465008,79.36484691,2014/3/31 0:00,2014/4/30 0:00,4.478021541,1.816952085,1.489791684,0.882982383
0,2014/8/6,9.83,9.83,9.66,9.74,-0.013171,134531042,1309646598,1.45348E+11,1.81685E+11,0.009015148,80.85912352,2014/3/31 0:00,2014/4/30 0:00,4.562333464,1.85116155,1.517841393,0.899607123
0,2014/8/5,9.92,9.95,9.8,9.87,-0.00504,116942080,1154644403,1.47288E+11,1.8411E+11,0.007836482,81.93833331,2014/3/31 0:00,2014/4/30 0:00,4.623225973,1.875868616,1.538099704,0.911613991
0,2014/8/4,9.82,9.94,9.73,9.92,0.016393,167001355,1646470442,1.48034E+11,1.85042E+11,0.011191037,82.35339441,2014/3/31 0:00,2014/4/30 0:00,4.646645064,1.885370885,1.545890995,0.916231799
0,2014/8/1,9.77,9.96,9.74,9.76,-0.004082,199316283,1966817233,1.45646E+11,1.82058E+11,0.013356514,81.02514914,2014/3/31 0:00,2014/4/30 0:00,4.571701167,1.854962485,1.520957932,0.901454259
0,2014/7/31,9.69,9.81,9.66,9.8,0.009269,113003643,1098506207,1.46243E+11,1.82804E+11,0.007572561,81.35724944,2014/3/31 0:00,2014/4/30 0:00,4.59043934,1.862565477,1.527191929,0.905149078
0,2014/7/30,9.89,9.92,9.67,9.71,-0.007157,182728243,1785992158,1.449E+11,1.81125E+11,0.012244922,80.61007465,2014/3/31 0:00,2014/4/30 0:00,4.548281321,1.845459909,1.51316639,0.896836302
0,2014/7/29,9.8,9.88,9.72,9.78,0.002049,203049428,1989649789,1.45945E+11,1.82431E+11,0.013606678,81.19115978,2014/3/31 0:00,2014/4/30 0:00,4.581068025,1.858763077,1.524074189,0.903301229
0,2014/7/28,9.44,9.83,9.44,9.76,0.039404,315856664,3067199388,1.45646E+11,1.82058E+11,0.021166078,81.02513927,2014/3/31 0:00,2014/4/30 0:00,4.57170061,1.854962259,1.520957746,0.90145415
0,2014/7/25,9.38,9.44,9.3,9.39,0.007511,134460946,1259192307,1.40125E+11,1.75156E+11,0.009010451,77.95346109,2014/3/31 0:00,2014/4/30 0:00,4.398386585,1.784640293,1.463297954,0.867279854
0,2014/7/24,9.09,9.38,9.09,9.32,0.026432,235007435,2179260251,1.3908E+11,1.7385E+11,0.015748237,77.37231762,2014/3/31 0:00,2014/4/30 0:00,4.365596589,1.77133579,1.452389059,0.860814278
0,2014/7/23,9.04,9.14,9.04,9.08,0.002208,95071892,864070613,1.35499E+11,1.69374E+11,0.006370925,75.37987671,2014/3/31 0:00,2014/4/30 0:00,4.253176625,1.725721519,1.414988094,0.838647157
0,2014/7/22,8.96,9.1,8.96,9.06,0.008909,101186449,915202973,1.352E+11,1.69E+11,0.006780671,75.21380463,2014/3/31 0:00,2014/4/30 0:00,4.2438063,1.72191952,1.411870684,0.836799503
0,2014/7/21,9.01,9.02,8.97,8.98,-0.004435,43394538,390236857,1.34007E+11,1.67508E+11,0.00290794,74.54964187,2014/3/31 0:00,2014/4/30 0:00,4.206332088,1.706714402,1.399403399,0.829410287
0,2014/7/18,8.98,9.05,8.96,9.02,0.003337,60143570,542519442,1.34603E+11,1.68254E+11,0.00403032,74.8817424,2014/3/31 0:00,2014/4/30 0:00,4.225070274,1.714317399,1.405637401,0.833105108
0,2014/7/17,9.03,9.04,8.97,8.99,-0.003326,43076122,387416765,1.34156E+11,1.67695E+11,0.002886602,74.6326931,2014/3/31 0:00,2014/4/30 0:00,4.211018107,1.708615749,1.400962389,0.830334283
0,2014/7/16,9.01,9.05,9,9.02,0.00111,57758013,521218620,1.34603E+11,1.68254E+11,0.00387046,74.8817498,2014/3/31 0:00,2014/4/30 0:00,4.225070692,1.714317569,1.40563754,0.833105191
0,2014/7/15,9.01,9.02,8.98,9.01,0.001111,57331618,515793884,1.34454E+11,1.68068E+11,0.003841887,74.79872322,2014/3/31 0:00,2014/4/30 0:00,4.220386064,1.712416786,1.404079012,0.832181469
0,2014/7/14,8.93,9.01,8.9,9,0.006711,50192334,449273967,1.34305E+11,1.67881E+11,0.003363471,74.71571406,2014/3/31 0:00,2014/4/30 0:00,4.215702418,1.710516402,1.402520811,0.831257942
0,2014/7/11,8.92,8.99,8.91,8.94,0.002242,58461216,523490703,1.3341E+11,1.66762E+11,0.003917583,74.21763948,2014/3/31 0:00,2014/4/30 0:00,4.187599438,1.699113651,1.393171239,0.825716558
0,2014/7/10,8.92,8.95,8.9,8.92,0,43284795,386256083,1.33111E+11,1.66389E+11,0.002900586,74.05161576,2014/3/31 0:00,2014/4/30 0:00,4.178231843,1.695312759,1.390054736,0.823869442
0,2014/7/9,9.05,9.05,8.91,8.92,-0.014365,75829647,680803744,1.33111E+11,1.66389E+11,0.00508147,74.05161576,2014/3/31 0:00,2014/4/30 0:00,4.178231843,1.695312759,1.390054736,0.823869442
0,2014/7/8,9.05,9.06,9.01,9.05,0,52592964,475316192,1.35051E+11,1.68814E+11,0.003524342,75.13087072,2014/3/31 0:00,2014/4/30 0:00,4.239126901,1.720020859,1.410313896,0.835876813
0,2014/7/7,9.07,9.08,9.03,9.05,-0.002205,42831405,387738016,1.35051E+11,1.68814E+11,0.002870203,75.13087072,2014/3/31 0:00,2014/4/30 0:00,4.239126901,1.720020859,1.410313896,0.835876813
0,2014/7/4,9.08,9.09,9.05,9.07,0,47263941,428330850,1.3535E+11,1.69187E+11,0.003167235,75.29690039,2014/3/31 0:00,2014/4/30 0:00,4.248494832,1.723821886,1.41343051,0.837723994
0,2014/7/3,9.06,9.09,9.03,9.07,0.001104,64553232,585009384,1.3535E+11,1.69187E+11,0.004325819,75.29690039,2014/3/31 0:00,2014/4/30 0:00,4.248494832,1.723821886,1.41343051,0.837723994
0,2014/7/2,9.06,9.09,9.02,9.06,0,41262790,373724765,1.352E+11,1.69E+11,0.002765088,75.21386428,2014/3/31 0:00,2014/4/30 0:00,4.243809666,1.721920886,1.411871803,0.836800167
0,2014/7/1,9.08,9.1,9.01,9.06,0.001105,42584500,385288815,1.352E+11,1.69E+11,0.002853658,75.21386428,2014/3/31 0:00,2014/4/30 0:00,4.243809666,1.721920886,1.411871803,0.836800167
0,2014/6/30,8.98,9.08,8.98,9.05,0.008919,52645089,476195578,1.35051E+11,1.68814E+11,0.003527835,75.1308447,2014/3/31 0:00,2014/4/30 0:00,4.239125432,1.720020263,1.410313407,0.835876523
0,2014/6/27,8.99,9.02,8.96,8.97,-0.002225,42713239,383829267,1.33857E+11,1.67322E+11,0.002862285,74.46667641,2014/3/31 0:00,2014/4/30 0:00,4.201650908,1.704815018,1.397846018,0.828487246
0,2014/6/26,8.98,9.04,8.98,8.99,0.001114,43052470,387941139,1.34156E+11,1.67695E+11,0.002885017,74.63273424,2014/3/31 0:00,2014/4/30 0:00,4.211020428,1.70861669,1.400963161,0.83033474
0,2014/6/25,9.05,9.05,8.97,8.98,-0.006637,46797781,421074930,1.34007E+11,1.67508E+11,0.003135997,74.54968589,2014/3/31 0:00,2014/4/30 0:00,4.206334571,1.706715409,1.399404225,0.829410777
0,2014/6/24,9.05,9.09,9.01,9.04,0.00414,83305537,753572842,1.34902E+11,1.68627E+11,0.005582442,75.047778,2014/3/31 0:00,2014/4/30 0:00,4.23443854,1.718118562,1.408754126,0.834952356
0,2014/6/23,9.71,9.77,9.63,9.66,-0.004124,86019554,834638557,1.44154E+11,1.80193E+11,0.005764313,74.73836118,2014/3/31 0:00,2014/4/30 0:00,4.216980242,1.711034878,1.40294593,0.831509905
0,2014/6/20,9.64,9.71,9.62,9.7,0.006224,57665733,557096336,1.44751E+11,1.80939E+11,0.003864276,75.04785855,2014/3/31 0:00,2014/4/30 0:00,4.234443085,1.718120406,1.408755638,0.834953252
0,2014/6/19,9.74,9.81,9.6,9.64,-0.00925,68906460,668029792,1.43856E+11,1.79819E+11,0.004617536,74.58364991,2014/3/31 0:00,2014/4/30 0:00,4.208250931,1.70749297,1.400041778,0.829788647
0,2014/6/18,9.73,9.77,9.71,9.73,0,66459996,647470882,1.45199E+11,1.81498E+11,0.004453594,75.27998982,2014/3/31 0:00,2014/4/30 0:00,4.247540683,1.723434742,1.413113074,0.837535854
0,2014/6/17,9.83,9.83,9.71,9.73,-0.008155,91317081,892676102,1.45199E+11,1.81498E+11,0.006119309,75.27998982,2014/3/31 0:00,2014/4/30 0:00,4.247540683,1.723434742,1.413113074,0.837535854
0,2014/6/16,9.73,9.87,9.69,9.81,0.008222,118477367,1159724313,1.46392E+11,1.82991E+11,0.007939365,75.89894572,2014/3/31 0:00,2014/4/30 0:00,4.282464178,1.73760491,1.424731762,0.844422116
0,2014/6/13,9.55,9.78,9.54,9.73,0.019916,129624894,1256394771,1.45199E+11,1.81498E+11,0.008686379,75.27999361,2014/3/31 0:00,2014/4/30 0:00,4.247540897,1.723434828,1.413113146,0.837535896
0,2014/6/12,9.57,9.59,9.52,9.54,-0.005214,42917693,410062037,1.42363E+11,1.77954E+11,0.002875986,73.80999378,2014/3/31 0:00,2014/4/30 0:00,4.164598748,1.689781147,1.385519146,0.82118125
0,2014/6/11,9.59,9.63,9.55,9.59,-0.004154,46334806,444252120,1.43109E+11,1.78887E+11,0.003104972,74.19685618,2014/3/31 0:00,2014/4/30 0:00,4.186426777,1.698637845,1.392781107,0.825485331
0,2014/6/10,9.59,9.65,9.52,9.63,0.009434,68256823,655798665,1.43706E+11,1.79633E+11,0.004574003,74.50635559,2014/3/31 0:00,2014/4/30 0:00,4.203889735,1.70572342,1.398590853,0.828928701
0,2014/6/9,9.46,9.67,9.46,9.54,0.003155,58231714,557813036,1.42363E+11,1.77954E+11,0.003902204,73.81003175,2014/3/31 0:00,2014/4/30 0:00,4.16460089,1.689782016,1.385519859,0.821181673
0,2014/6/6,9.6,9.62,9.45,9.51,-0.011435,53426017,509267444,1.41916E+11,1.77395E+11,0.003580166,73.57789349,2014/3/31 0:00,2014/4/30 0:00,4.151502899,1.684467521,1.381162292,0.818598993
0,2014/6/5,9.45,9.63,9.43,9.62,0.017989,56500335,538639270,1.43557E+11,1.79446E+11,0.003786181,74.42898898,2014/3/31 0:00,2014/4/30 0:00,4.199524461,1.703952215,1.397138571,0.82806795
0,2014/6/4,9.55,9.56,9.4,9.45,-0.009434,86246408,816293703,1.4102E+11,1.76275E+11,0.005779515,73.11374581,2014/3/31 0:00,2014/4/30 0:00,4.125314184,1.67384148,1.372449576,0.813435067
0,2014/6/3,9.59,9.64,9.53,9.54,-0.003135,70641283,677281784,1.42363E+11,1.77954E+11,0.004733789,73.81007001,2014/3/31 0:00,2014/4/30 0:00,4.164603049,1.689782892,1.385520577,0.821182098
0,2014/5/30,9.62,9.63,9.55,9.57,-0.005198,69096841,662738428,1.42811E+11,1.78514E+11,0.004630294,74.04219228,2014/3/31 0:00,2014/4/30 0:00,4.177700139,1.695097021,1.389877844,0.8237646
0,2014/5/29,9.68,9.72,9.6,9.62,-0.006198,75258524,726796770,1.43557E+11,1.79446E+11,0.005043198,74.42907461,2014/3/31 0:00,2014/4/30 0:00,4.199529293,1.703954175,1.397140179,0.828068903
0,2014/5/28,9.66,9.72,9.6,9.68,0.00207,92478303,892246146,1.44452E+11,1.80566E+11,0.006197124,74.89326305,2014/3/31 0:00,2014/4/30 0:00,4.225720307,1.714581149,1.40585366,0.833233282
0,2014/5/27,9.73,9.74,9.62,9.66,-0.008214,74436155,720820152,1.44154E+11,1.80193E+11,0.00498809,74.73855425,2014/3/31 0:00,2014/4/30 0:00,4.216991135,1.711039298,1.402949554,0.831512053
0,2014/5/26,9.76,9.78,9.69,9.74,0.004124,54108963,526560774,1.45348E+11,1.81685E+11,0.003625931,75.35754109,2014/3/31 0:00,2014/4/30 0:00,4.251916377,1.725210174,1.414568823,0.838398659
0,2014/5/23,9.61,9.7,9.59,9.7,0.010417,47057342,454096750,1.44751E+11,1.80939E+11,0.00315339,75.04804296,2014/3/31 0:00,2014/4/30 0:00,4.23445349,1.718124628,1.4087591,0.834955303
0,2014/5/22,9.59,9.73,9.57,9.6,0,71688611,692799602,1.43259E+11,1.79073E+11,0.004803973,74.27432729,2014/3/31 0:00,2014/4/30 0:00,4.190797948,1.700411442,1.39423535,0.826347244
0,2014/5/21,9.52,9.61,9.41,9.6,0.005236,54298040,517810696,1.43259E+11,1.79073E+11,0.003638602,74.27432729,2014/3/31 0:00,2014/4/30 0:00,4.190797948,1.700411442,1.39423535,0.826347244
0,2014/5/20,9.56,9.6,9.48,9.55,0.003151,64057749,610778785,1.42513E+11,1.78141E+11,0.004292616,73.88745259,2014/3/31 0:00,2014/4/30 0:00,4.168969225,1.691554463,1.386973159,0.822043027
0,2014/5/19,9.72,9.72,9.47,9.52,-0.02359,137405978,1314192261,1.42065E+11,1.77581E+11,0.009207802,73.65536454,2014/3/31 0:00,2014/4/30 0:00,4.155874066,1.686241117,1.382616534,0.819460906
0,2014/5/16,9.7,9.8,9.7,9.75,0.002055,57142230,556664624,1.45497E+11,1.81871E+11,0.003829195,75.4348732,2014/3/31 0:00,2014/4/30 0:00,4.256279704,1.726980589,1.416020457,0.839259026
0,2014/5/15,9.79,9.83,9.71,9.73,-0.008155,70426925,688077256,1.45199E+11,1.81498E+11,0.004719425,75.28017244,2014/3/31 0:00,2014/4/30 0:00,4.247550987,1.723438922,1.413116502,0.837537886
0,2014/5/14,9.89,9.92,9.78,9.81,-0.009091,114355129,1124734340,1.46392E+11,1.82991E+11,0.007663127,75.89912985,2014/3/31 0:00,2014/4/30 0:00,4.282474567,1.737609125,1.424735218,0.844424165
0,2014/5/13,9.9,9.94,9.83,9.9,-0.003021,66182545,653997051,1.47735E+11,1.84669E+11,0.004435002,76.59545917,2014/3/31 0:00,2014/4/30 0:00,4.321763721,1.753550654,1.437806315,0.852171254
0,2014/5/12,9.85,9.96,9.79,9.93,0.017418,129589586,1282666102,1.48183E+11,1.85229E+11,0.008684013,76.82755521,2014/3/31 0:00,2014/4/30 0:00,4.334859331,1.758864183,1.44216309,0.854753464
0,2014/5/9,9.75,9.82,9.69,9.76,0.001026,74829332,731563193,1.45646E+11,1.82058E+11,0.005014437,75.51228228,2014/3/31 0:00,2014/4/30 0:00,4.260647375,1.728752767,1.417473536,0.840120249
0,2014/5/8,9.66,9.87,9.64,9.75,0.009317,95225892,930740681,1.45497E+11,1.81871E+11,0.006381245,75.43488608,2014/3/31 0:00,2014/4/30 0:00,4.256280431,1.726980885,1.416020699,0.839259169
0,2014/5/7,9.69,9.75,9.64,9.66,-0.004124,55972788,542274520,1.44154E+11,1.80193E+11,0.003750829,74.73854704,2014/3/31 0:00,2014/4/30 0:00,4.216990729,1.711039133,1.402949419,0.831511972
0,2014/5/6,9.7,9.8,9.67,9.7,-0.004107,58797626,572224197,1.44751E+11,1.80939E+11,0.003940126,75.04804518,2014/3/31 0:00,2014/4/30 0:00,4.234453615,1.718124679,1.408759142,0.834955328
0,2014/5/5,9.77,9.79,9.58,9.74,-0.003071,103509079,1001815675,1.45348E+11,1.81685E+11,0.006936315,75.35753859,2014/3/31 0:00,2014/4/30 0:00,4.251916235,1.725210117,1.414568776,0.838398631
0,2014/4/30,9.98,10.02,9.76,9.77,-0.003061,142558919,1407065796,1.45796E+11,1.82244E+11,0.009553109,75.58967448,2014/3/31 0:00,2014/4/30 0:00,4.265014094,1.730524558,1.418926298,0.840981285
0,2014/4/29,9.67,9.82,9.65,9.8,0.013444,88443328,859931423,1.46243E+11,1.82804E+11,0.005926734,75.8217649,2013/12/31 0:00,2014/3/20 0:00,4.467024421,1.828123403,0.592723737,0.89443204
0,2014/4/28,9.82,9.87,9.65,9.67,-0.017276,123425122,1198581012,1.44303E+11,1.80379E+11,0.008270922,74.81593941,2013/12/31 0:00,2014/3/20 0:00,4.407766409,1.803872145,0.584860868,0.882566812
0,2014/4/25,9.92,10.06,9.82,9.84,-0.00304,180573527,1794439412,1.4684E+11,1.8355E+11,0.012100531,76.13118171,2013/12/31 0:00,2014/3/20 0:00,4.485253651,1.835583689,0.59514255,0.898082078
0,2014/4/24,9.9,9.98,9.85,9.87,-0.001012,82309479,815388785,1.47288E+11,1.8411E+11,0.005515694,76.36332622,2013/12/31 0:00,2014/3/20 0:00,4.4989304,1.841180879,0.596957301,0.900820572
0,2014/4/23,9.85,10,9.83,9.88,-0.00202,136419564,1352733686,1.47437E+11,1.84296E+11,0.009141701,76.44068419,2013/12/31 0:00,2014/3/20 0:00,4.503487929,1.843046042,0.597562033,0.901733126
0,2014/4/22,9.68,9.92,9.66,9.9,0.019567,141231411,1385544270,1.47735E+11,1.84669E+11,0.009464151,76.59540692,2013/12/31 0:00,2014/3/20 0:00,4.512603388,1.84677653,0.598771552,0.903558314
0,2014/4/21,9.74,9.96,9.68,9.71,-0.007157,131392321,1292829716,1.449E+11,1.81125E+11,0.008804817,75.12542767,2013/12/31 0:00,2014/3/20 0:00,4.425999849,1.811334155,0.58728024,0.886217692
0,2014/4/18,9.73,9.81,9.63,9.78,0.002049,115394462,1120720917,1.45945E+11,1.82431E+11,0.007732774,75.66697622,2013/12/31 0:00,2014/3/20 0:00,4.457905076,1.824391324,0.591513703,0.892606074
0,2014/4/17,9.93,9.97,9.74,9.76,-0.014141,147878398,1453030914,1.45646E+11,1.82058E+11,0.009909576,75.51225162,2013/12/31 0:00,2014/3/20 0:00,4.448789506,1.82066079,0.59030417,0.890780864
0,2014/4/16,9.82,9.97,9.81,9.9,0.005076,100765541,997304842,1.47735E+11,1.84669E+11,0.006752466,76.59538698,2013/12/31 0:00,2014/3/20 0:00,4.512602214,1.84677605,0.598771396,0.903558079
0,2014/4/15,10.07,10.08,9.82,9.85,-0.02668,176166147,1746784882,1.46989E+11,1.83737E+11,0.011805185,76.20855237,2013/12/31 0:00,2014/3/20 0:00,4.489811929,1.837449158,0.595747382,0.898994781
0,2014/4/14,10.25,10.29,10.09,10.12,-0.012683,133566631,1356868494,1.51019E+11,1.88773E+11,0.008950521,78.29753049,2013/12/31 0:00,2014/3/20 0:00,4.612883665,1.887816091,0.612077613,0.923637428
0,2014/4/11,10.18,10.32,10.14,10.25,0.001955,187981794,1923682586,1.52958E+11,1.91198E+11,0.012596971,79.30333468,2013/12/31 0:00,2014/3/20 0:00,4.672140422,1.912066835,0.619940316,0.935502405
0,2014/4/10,10.14,10.41,10.03,10.23,0.012871,251774137,2565192729,1.5266E+11,1.90825E+11,0.016871802,79.14859917,2013/12/31 0:00,2014/3/20 0:00,4.66302421,1.908336038,0.618730698,0.933677066
0,2014/4/9,10.12,10.19,10.03,10.1,-0.003945,166971745,1686236313,1.5072E+11,1.884E+11,0.011189053,78.14282289,2013/12/31 0:00,2014/3/20 0:00,4.603769097,1.884085967,0.610868213,0.921812419
0,2014/4/8,9.71,10.31,9.71,10.14,0.042138,389948091,3925146601,1.51317E+11,1.89146E+11,0.026131067,78.45231729,2013/12/31 0:00,2014/3/20 0:00,4.622002899,1.891548125,0.613287633,0.925463372
0,2014/4/4,9.62,9.75,9.57,9.73,0.006205,103710191,1003039509,1.45199E+11,1.81498E+11,0.006949792,75.28016183,2013/12/31 0:00,2014/3/20 0:00,4.435115982,1.815064919,0.588489847,0.888043015
0,2014/4/3,9.94,10,9.64,9.67,-0.027163,202589136,1988726346,1.44303E+11,1.80379E+11,0.013575833,74.81592899,2013/12/31 0:00,2014/3/20 0:00,4.407765795,1.803871894,0.584860786,0.882566689
0,2014/4/2,9.75,10.04,9.71,9.94,0.021583,221487036,2188083753,1.48332E+11,1.85416E+11,0.014842213,76.9048967,2013/12/31 0:00,2014/3/20 0:00,4.530836918,1.854238577,0.601190936,0.907209213
0,2014/4/1,9.66,9.84,9.63,9.73,0.001029,121142230,1177869503,1.45199E+11,1.81498E+11,0.008117941,75.28012574,2013/12/31 0:00,2014/3/20 0:00,4.435113856,1.815064049,0.588489565,0.888042589
0,2014/3/31,9.7,9.77,9.57,9.72,0.005171,117957984,1139701358,1.45049E+11,1.81312E+11,0.00790456,75.20274212,2013/12/31 0:00,2014/3/20 0:00,4.430554815,1.813198268,0.587884632,0.887129733
0,2014/3/28,9.64,9.92,9.6,9.67,-0.002064,235609623,2299182855,1.44303E+11,1.80379E+11,0.015788591,74.81586926,2013/12/31 0:00,2014/3/20 0:00,4.407762276,1.803870454,0.584860319,0.882565984
0,2014/3/27,9.53,9.94,9.48,9.69,0.011482,310183453,3020967368,1.44602E+11,1.80752E+11,0.020785907,74.9706086,2013/12/31 0:00,2014/3/20 0:00,4.416878714,1.807601343,0.586069968,0.884391368
0,2014/3/26,9.78,9.83,9.51,9.58,-0.017436,188654730,1813592755,1.4296E+11,1.787E+11,0.012642066,74.11956772,2013/12/31 0:00,2014/3/20 0:00,4.366739807,1.787082067,0.579417101,0.874352058
0,2014/3/25,9.76,9.86,9.68,9.75,-0.005102,225324449,2201589731,1.45497E+11,1.81871E+11,0.015099364,75.43484976,2013/12/31 0:00,2014/3/20 0:00,4.444229391,1.818794569,0.589699094,0.889867793
0,2014/3/24,9.89,10.01,9.74,9.8,-0.0091,550938112,5438997560,1.46243E+11,1.82804E+11,0.036919275,75.82169203,2013/12/31 0:00,2014/3/20 0:00,4.467020128,1.828121646,0.592723168,0.89443118
0,2014/3/21,8.98,9.89,8.97,9.89,0.100111,577730146,5543459714,1.47586E+11,1.84483E+11,0.038714654,76.51800589,2013/12/31 0:00,2014/3/20 0:00,4.508043322,1.84491033,0.598166483,0.902645252
0,2014/3/20,8.96,9.2,8.95,8.99,-0.00663,166058733,1510412577,1.34156E+11,1.67695E+11,0.011127871,69.55480482,2013/12/31 0:00,2014/3/20 0:00,4.097807696,1.677021982,0.543732844,0.820503797
0,2014/3/19,8.85,9.07,8.76,9.05,0.017998,93838218,832057181,1.35051E+11,1.68814E+11,0.006288254,70.019031,2013/9/30 0:00,2013/10/31 0:00,4.456638496,1.791108734,0.506564912,0.862465122
0,2014/3/18,9.22,9.23,8.87,8.89,-0.011123,167965350,1523657836,1.32663E+11,1.65829E+11,0.011255636,68.78110861,2013/9/30 0:00,2013/10/31 0:00,4.377846024,1.759442292,0.497608946,0.847216912
0,2014/3/14,8.78,9.03,8.72,8.99,0.016968,179769247,1602451090,1.34156E+11,1.67695E+11,0.012046635,69.55476627,2013/9/30 0:00,2013/10/31 0:00,4.427088529,1.779232697,0.503206108,0.856746504
0,2014/3/13,8.76,9.13,8.68,8.84,0.03271,198115864,1758751742,1.31917E+11,1.64897E+11,0.013276072,68.39425259,2013/9/30 0:00,2013/10/31 0:00,4.353223041,1.749546394,0.494810169,0.842451782
0,2014/3/12,8.47,8.67,8.39,8.56,0.01182,110468613,942803798,1.27739E+11,1.59674E+11,0.007402685,66.22793678,2013/9/30 0:00,2013/10/31 0:00,4.215339293,1.694131357,0.479137579,0.81576801
0,2014/3/11,8.43,8.53,8.39,8.46,0.00237,71119520,600753236,1.26247E+11,1.57808E+11,0.004765837,65.45426734,2013/9/30 0:00,2013/10/31 0:00,4.166096037,1.674340651,0.473540332,0.806238274
0,2014/3/10,8.67,8.71,8.42,8.44,-0.033219,100335990,859115769,1.25948E+11,1.57435E+11,0.006723681,65.29950751,2013/9/30 0:00,2013/10/31 0:00,4.156245735,1.670381846,0.472420695,0.804332007
0,2014/3/7,8.8,8.91,8.71,8.73,-0.007955,85996638,757643571,1.30276E+11,1.62845E+11,0.005762777,67.54322593,2013/9/30 0:00,2013/10/31 0:00,4.299056079,1.727776866,0.488653268,0.831969192
0,2014/3/6,8.7,8.86,8.62,8.8,0.011494,105221671,920528165,1.3132E+11,1.64151E+11,0.007051078,68.08484084,2013/9/30 0:00,2013/10/31 0:00,4.333529305,1.741631545,0.492571676,0.838640577
0,2014/3/5,8.86,8.88,8.68,8.7,-0.019166,66776262,585846336,1.29828E+11,1.62285E+11,0.004474788,67.31116629,2013/9/30 0:00,2013/10/31 0:00,4.284285724,1.721840707,0.486974392,0.829110778
0,2014/3/4,8.84,8.91,8.68,8.87,0.00226,113473857,994582737,1.32365E+11,1.65456E+11,0.007604071,68.62646105,2013/9/30 0:00,2013/10/31 0:00,4.368002867,1.755486359,0.496490122,0.845312028
0,2014/3/3,8.91,8.92,8.81,8.85,-0.006734,81389991,720619849,1.32067E+11,1.65083E+11,0.005454078,68.47171497,2013/9/30 0:00,2013/10/31 0:00,4.358153441,1.751527906,0.495370584,0.843405931
0,2014/2/28,8.9,9.01,8.8,8.91,-0.003356,75427866,671034442,1.32962E+11,1.66202E+11,0.005054546,68.93592952,2013/9/30 0:00,2013/10/31 0:00,4.387700214,1.763402659,0.498729025,0.849123932
0,2014/2/27,8.9,9.03,8.81,8.94,0.010169,112556009,1005356244,1.3341E+11,1.66762E+11,0.007542564,69.16805752,2013/9/30 0:00,2013/10/31 0:00,4.40247492,1.769340566,0.500408396,0.851983187
0,2014/2/26,8.81,8.89,8.77,8.85,0.002265,79811062,704799663,1.32067E+11,1.65083E+11,0.005348271,68.47176811,2013/9/30 0:00,2013/10/31 0:00,4.358156823,1.751529265,0.495370969,0.843406586
0,2014/2/25,9.01,9.08,8.81,8.83,-0.019978,112988180,1012070329,1.31768E+11,1.6471E+11,0.007571525,68.31703004,2013/9/30 0:00,2013/10/31 0:00,4.348307906,1.747571017,0.494251489,0.841500587
0,2014/2/24,9.2,9.21,8.97,9.01,-0.03014,135269196,1223507891,1.34454E+11,1.68068E+11,0.009064613,69.70969023,2013/9/30 0:00,2013/10/31 0:00,4.436949278,1.783195701,0.504326932,0.858654792
0,2014/2/21,9.39,9.43,9.22,9.29,-0.01065,82312549,765984708,1.38633E+11,1.73291E+11,0.0055159,71.87603389,2013/9/30 0:00,2013/10/31 0:00,4.574834799,1.83861145,0.519999724,0.885338907
0,2014/2/20,9.53,9.73,9.36,9.39,-0.010537,144607391,1379086315,1.40125E+11,1.75156E+11,0.009690381,72.64975377,2013/9/30 0:00,2013/10/31 0:00,4.624081265,1.858403446,0.525597336,0.894869265
0,2014/2/19,9.25,9.57,9.2,9.49,0.024838,150729704,1420983509,1.41617E+11,1.77021E+11,0.010100647,73.42341631,2013/9/30 0:00,2013/10/31 0:00,4.67332408,1.878193976,0.531194532,0.904398916
0,2014/2/18,9.51,9.51,9.23,9.26,-0.027311,131972251,1231564459,1.38185E+11,1.72731E+11,0.008843679,71.64392451,2013/9/30 0:00,2013/10/31 0:00,4.560061278,1.832674019,0.518320488,0.882479881
0,2014/2/17,9.62,9.66,9.48,9.52,-0.007299,107916285,1029473517,1.42065E+11,1.77581E+11,0.007231649,73.65553071,2013/9/30 0:00,2013/10/31 0:00,4.688097921,1.884131535,0.532873805,0.907258004
0,2014/2/14,9.6,9.63,9.51,9.59,-0.001042,80503230,770860231,1.43109E+11,1.78887E+11,0.005394655,74.19709531,2013/9/30 0:00,2013/10/31 0:00,4.722567944,1.897984927,0.536791848,0.91392877
0,2014/2/13,9.48,9.84,9.41,9.6,0.010526,197765140,1901282553,1.43259E+11,1.79073E+11,0.013252569,74.27448932,2013/9/30 0:00,2013/10/31 0:00,4.727493993,1.899964691,0.537351769,0.914882077
0,2014/2/12,9.5,9.64,9.44,9.5,-0.004193,106449343,1012082707,1.41766E+11,1.77208E+11,0.007133347,73.5008197,2013/9/30 0:00,2013/10/31 0:00,4.678250726,1.880173979,0.531754521,0.905352338
0,2014/2/11,9.31,9.68,9.22,9.54,0.026911,212392409,2017636446,1.42363E+11,1.77954E+11,0.014232767,73.81030631,2013/9/30 0:00,2013/10/31 0:00,4.697949227,1.888090744,0.533993556,0.909164465
0,2014/2/10,9.18,9.3,9.16,9.29,0.011983,91573113,848138382,1.38633E+11,1.73291E+11,0.006136466,71.87604993,2013/9/30 0:00,2013/10/31 0:00,4.57483582,1.83861186,0.51999984,0.885339104
0,2014/2/7,9.13,9.18,9.07,9.18,0.001091,51136921,466080896,1.36991E+11,1.71239E+11,0.00342677,71.02495786,2013/9/30 0:00,2013/10/31 0:00,4.520664695,1.816840658,0.513842466,0.874855708
0,2014/1/30,9.27,9.3,9.15,9.17,-0.012917,52508927,485399532,1.36842E+11,1.71052E+11,0.00351871,70.94755408,2013/9/30 0:00,2013/10/31 0:00,4.515738025,1.814860645,0.513282475,0.873902281
0,2014/1/29,9.24,9.31,9.2,9.29,0.010881,71042825,659122848,1.38633E+11,1.73291E+11,0.004760697,71.87597606,2013/9/30 0:00,2013/10/31 0:00,4.574831118,1.83860997,0.519999306,0.885338195
0,2014/1/28,9.12,9.29,9.12,9.19,0.007675,57333618,527187516,1.3714E+11,1.71425E+11,0.003842021,71.10231181,2013/9/30 0:00,2013/10/31 0:00,4.525588193,1.818819397,0.514402096,0.875808522
0,2014/1/27,9.19,9.2,9.1,9.12,-0.011918,69858649,637844251,1.36096E+11,1.7012E+11,0.004681344,70.56075799,2013/9/30 0:00,2013/10/31 0:00,4.491118856,1.80496628,0.510484131,0.869137889
0,2014/1/24,9.17,9.32,9.14,9.23,0.001085,70757205,653717695,1.37737E+11,1.72172E+11,0.004741557,71.41184435,2013/9/30 0:00,2013/10/31 0:00,4.545289618,1.826737336,0.516641464,0.879621214
0,2014/1/23,9.31,9.34,9.21,9.22,-0.012848,63055407,583623058,1.37588E+11,1.71985E+11,0.004225447,71.33444648,2013/9/30 0:00,2013/10/31 0:00,4.540363323,1.824757474,0.516081515,0.87866786
0,2014/1/22,9.18,9.38,9.17,9.34,0.019651,91387277,849733125,1.39379E+11,1.74223E+11,0.006124013,72.26287996,2013/9/30 0:00,2013/10/31 0:00,4.599457149,1.848507093,0.52279843,0.890103915
0,2014/1/21,9.1,9.26,9.09,9.16,0.009923,47596032,436604867,1.36693E+11,1.70866E+11,0.003189489,70.87020947,2013/9/30 0:00,2013/10/31 0:00,4.510815121,1.812882146,0.512722912,0.872949583
0,2014/1/20,9.1,9.13,9.04,9.07,-0.005482,42094792,382309899,1.3535E+11,1.69187E+11,0.002820842,70.17387412,2013/9/30 0:00,2013/10/31 0:00,4.4664941,1.79506967,0.507685152,0.864372415
0,2014/1/17,9.17,9.17,9.07,9.12,-0.006536,66047496,601804105,1.36096E+11,1.7012E+11,0.004425952,70.56068781,2013/9/30 0:00,2013/10/31 0:00,4.491114389,1.804964485,0.510483623,0.869137024
0,2014/1/16,9.22,9.26,9.17,9.18,-0.005417,67204743,618488788,1.36991E+11,1.71239E+11,0.004503501,71.0249066,2013/9/30 0:00,2013/10/31 0:00,4.520661432,1.816839347,0.513842095,0.874855077
0,2014/1/15,9.39,9.4,9.16,9.23,-0.018085,77606643,717370004,1.37737E+11,1.72172E+11,0.00520055,71.41174402,2013/9/30 0:00,2013/10/31 0:00,4.545283232,1.826734769,0.516640738,0.879619978
0,2014/1/14,9.4,9.43,9.25,9.4,0.001065,79710266,744481149,1.40274E+11,1.75343E+11,0.005341517,72.72701203,2013/9/30 0:00,2013/10/31 0:00,4.628998672,1.860379737,0.526156274,0.895820899
0,2014/1/13,9.44,9.47,9.33,9.39,-0.002125,65935363,618500138,1.40125E+11,1.75156E+11,0.004418438,72.64964016,2013/9/30 0:00,2013/10/31 0:00,4.624074034,1.85840054,0.525596514,0.894867865
0,2014/1/10,9.28,9.45,9.24,9.41,0.012917,93379978,875061947,1.40423E+11,1.75529E+11,0.006257547,72.8043494,2013/9/30 0:00,2013/10/31 0:00,4.633921116,1.862358051,0.526715785,0.896773509
0,2014/1/9,9.2,9.44,9.16,9.29,0.009783,109976763,1025797662,1.38633E+11,1.73291E+11,0.007369725,71.87592804,2013/9/30 0:00,2013/10/31 0:00,4.574828062,1.838608742,0.519998958,0.885337603
0,2014/1/8,9.14,9.32,9.11,9.2,0.006565,78603481,724415950,1.3729E+11,1.71612E+11,0.005267349,71.17957823,2013/9/30 0:00,2013/10/31 0:00,4.530506121,1.820795896,0.514961094,0.876760257
0,2014/1/7,9.17,9.21,9.01,9.14,-0.005441,72150947,657895513,1.36394E+11,1.70493E+11,0.004834954,70.71533207,2013/9/30 0:00,2013/10/31 0:00,4.500957336,1.808920334,0.511602424,0.871041868
0,2014/1/6,9.31,9.34,9.13,9.19,0.00547,117267700,1079925474,1.3714E+11,1.71425E+11,0.007858303,71.10219914,2013/9/30 0:00,2013/10/31 0:00,4.525581022,1.818816515,0.514401281,0.875807134
0,2014/1/3,9.28,9.3,9.08,9.14,-0.020364,88351969,807094466,1.36394E+11,1.70493E+11,0.005920612,70.71538598,2013/9/30 0:00,2013/10/31 0:00,4.500960767,1.808921713,0.511602814,0.871042532
0,2014/1/2,9.44,9.45,9.29,9.33,-0.010604,69821037,652410783,1.3923E+11,1.74037E+11,0.004678823,72.18536883,2013/9/30 0:00,2013/10/31 0:00,4.594523646,1.846524334,0.522237662,0.889149165
0,2013/12/31,9.21,9.53,9.17,9.43,0.025,107237045,1006340928,1.40722E+11,1.75902E+11,0.007186132,72.95902634,2013/9/30 0:00,2013/10/31 0:00,4.643766142,1.866314736,0.527834822,0.898678755
0,2013/12/30,9.3,9.32,9.19,9.2,-0.004329,70408751,650877060,1.3729E+11,1.71612E+11,0.004718207,71.1795379,2013/9/30 0:00,2013/10/31 0:00,4.530503553,1.820794864,0.514960802,0.876759761
0,2013/12/27,9.09,9.32,9.08,9.24,0.016502,88052311,811334784,1.37886E+11,1.72358E+11,0.005900531,71.48901384,2013/9/30 0:00,2013/10/31 0:00,4.550201375,1.828711356,0.51719976,0.880571756
0,2013/12/26,9.26,9.27,9.06,9.09,-0.019417,82518650,753839548,1.35648E+11,1.6956E+11,0.005529711,70.32845369,2013/9/30 0:00,2013/10/31 0:00,4.476332929,1.799023864,0.508803485,0.866276462
0,2013/12/25,9.33,9.35,9.15,9.27,-0.007495,89003265,821820569,1.38334E+11,1.72918E+11,0.005964256,71.72106155,2013/9/30 0:00,2013/10/31 0:00,4.564970971,1.834647209,0.51887855,0.883430022
0,2013/12/24,9.37,9.41,9.25,9.34,0,71802936,671259994,1.39379E+11,1.74223E+11,0.004811634,72.26267026,2013/9/30 0:00,2013/10/31 0:00,4.599443802,1.848501729,0.522796912,0.890101332
0,2013/12/23,9.41,9.48,9.31,9.34,-0.002137,63014853,590896792,1.39379E+11,1.74223E+11,0.00422273,72.26267026,2013/9/30 0:00,2013/10/31 0:00,4.599443802,1.848501729,0.522796912,0.890101332
0,2013/12/20,9.63,9.64,9.34,9.36,-0.026015,107593841,1018130466,1.39677E+11,1.74596E+11,0.007210041,72.4174263,2013/9/30 0:00,2013/10/31 0:00,4.609293863,1.852460437,0.523916522,0.892007552
0,2013/12/19,9.75,9.78,9.6,9.61,-0.010299,71003510,687152711,1.43408E+11,1.7926E+11,0.004758063,74.3516854,2013/9/30 0:00,2013/10/31 0:00,4.732407442,1.90193939,0.537910257,0.915832946
0,2013/12/18,9.71,9.8,9.68,9.71,0.002064,55191766,536799930,1.449E+11,1.81125E+11,0.003698492,75.12540191,2013/9/30 0:00,2013/10/31 0:00,4.781653694,1.921731301,0.543507845,0.925363262
0,2013/12/17,9.76,9.77,9.66,9.69,-0.005133,78126226,758108126,1.44602E+11,1.80752E+11,0.005235368,74.97066246,2013/9/30 0:00,2013/10/31 0:00,4.771804689,1.917773017,0.542388355,0.923457247
0,2013/12/16,9.85,9.97,9.72,9.74,-0.009156,119802106,1177159749,1.45348E+11,1.81685E+11,0.008028137,75.35747237,2013/9/30 0:00,2013/10/31 0:00,4.796424737,1.927667736,0.545186799,0.928221809
0,2013/12/13,9.84,9.85,9.77,9.83,-0.005061,98124624,963431279,1.46691E+11,1.83364E+11,0.006575493,76.05382115,2013/9/30 0:00,2013/10/31 0:00,4.840746613,1.945480556,0.550224656,0.936799142
0,2013/12/12,9.91,9.96,9.87,9.88,-0.005035,89839025,889730892,1.47437E+11,1.84296E+11,0.006020262,76.44068747,2013/9/30 0:00,2013/10/31 0:00,4.865370252,1.955376718,0.553023508,0.941564399
0,2013/12/11,10.11,10.13,9.91,9.93,-0.02071,127176728,1268123946,1.48183E+11,1.85229E+11,0.008522323,76.82751401,2013/9/30 0:00,2013/10/31 0:00,4.889991358,1.965271861,0.555822072,0.946329167
0,2013/12/10,10.12,10.21,10.08,10.14,0.002967,89476538,907205499,1.51317E+11,1.89146E+11,0.005995971,78.45226032,2013/9/30 0:00,2013/10/31 0:00,4.993404771,2.006833381,0.567576583,0.966342112
0,2013/12/9,10.21,10.25,10.08,10.11,-0.010763,111336390,1127426955,1.50869E+11,1.88587E+11,0.007460836,78.22018104,2013/9/30 0:00,2013/10/31 0:00,4.978633167,2.00089672,0.565897565,0.963483457
0,2013/12/6,10.34,10.34,10.13,10.22,-0.01256,157734044,1611228726,1.52511E+11,1.90638E+11,0.010570019,79.07122463,2013/9/30 0:00,2013/10/31 0:00,5.032801206,2.022666682,0.572054589,0.973966255
0,2013/12/5,10.4,10.44,10.28,10.35,-0.004808,150565456,1557557550,1.54451E+11,1.93063E+11,0.01008964,80.07699165,2013/9/30 0:00,2013/10/31 0:00,5.09681723,2.048394517,0.579330986,0.986354873
0,2013/12/4,10.24,10.57,10.2,10.4,0.013645,283303320,2951386526,1.55197E+11,1.93996E+11,0.018984624,80.46386189,2013/9/30 0:00,2013/10/31 0:00,5.121441119,2.058290779,0.582129866,0.991120178
0,2013/12/3,10.27,10.34,10.14,10.26,-0.005814,178953713,1832350266,1.53108E+11,1.91385E+11,0.011991985,79.38071208,2013/9/30 0:00,2013/10/31 0:00,5.05249976,2.030583467,0.57429363,0.977778392
0,2013/12/2,10.1,10.34,9.99,10.32,0.033033,408952609,4162905229,1.54003E+11,1.92504E+11,0.027404591,79.8449305,2013/9/30 0:00,2013/10/31 0:00,5.08204678,2.04245832,0.577652099,0.983496441
0,2013/11/29,10.06,10.12,9.96,9.99,0.003012,112491968,1128740871,1.49079E+11,1.86348E+11,0.007538273,77.29175206,2013/9/30 0:00,2013/10/31 0:00,4.919539628,1.977147216,0.559180683,0.952047457
0,2013/11/28,9.95,10.06,9.9,9.96,0.003021,121839005,1217508434,1.48631E+11,1.85789E+11,0.008164633,77.0596484,2013/9/30 0:00,2013/10/31 0:00,4.904766471,1.971209932,0.557501489,0.949188501
0,2013/11/27,9.87,10.08,9.76,9.93,0.00303,134357122,1332415710,1.48183E+11,1.85229E+11,0.009003493,76.82755236,2013/9/30 0:00,2013/10/31 0:00,4.8899938,1.965272842,0.555822349,0.946329639
0,2013/11/26,9.9,10.03,9.88,9.9,-0.003021,72857686,724350734,1.47735E+11,1.84669E+11,0.004882314,76.59546809,2013/9/30 0:00,2013/10/31 0:00,4.875221877,1.959336054,0.554143295,0.943470922
0,2013/11/25,9.99,10.11,9.92,9.93,-0.012922,96767050,967272350,1.48183E+11,1.85229E+11,0.00648452,76.82756416,2013/9/30 0:00,2013/10/31 0:00,4.889994551,1.965273144,0.555822435,0.946329785
0,2013/11/22,10.05,10.11,9.98,10.06,-0.000993,131116961,1317526601,1.50123E+11,1.87654E+11,0.008786365,77.83332641,2013/9/30 0:00,2013/10/31 0:00,4.954010272,1.991000857,0.563098798,0.958718343
0,2013/11/21,10,10.08,9.78,10.07,0.00199,172340745,1708643966,1.50272E+11,1.8784E+11,0.011548839,77.91069173,2013/9/30 0:00,2013/10/31 0:00,4.958934494,1.992979886,0.56365851,0.959671297
0,2013/11/20,10.01,10.18,9.97,10.05,0.008024,125986570,1265362952,1.49974E+11,1.87467E+11,0.008442569,77.75595737,2013/9/30 0:00,2013/10/31 0:00,4.949085813,1.989021733,0.562539058,0.957765344
0,2013/11/19,10.1,10.1,9.95,9.97,-0.012871,128516630,1286050557,1.4878E+11,1.85975E+11,0.008612112,77.13701,2013/9/30 0:00,2013/10/31 0:00,4.909690457,1.973188866,0.558061175,0.950141409
0,2013/11/18,9.75,10.11,9.66,10.1,0.043388,231275931,2289354073,1.5072E+11,1.884E+11,0.015498183,78.1427858,2013/9/30 0:00,2013/10/31 0:00,4.97370704,1.998916926,0.565337636,0.962530134
0,2013/11/15,9.49,9.85,9.48,9.68,0.020021,180564555,1753424283,1.44452E+11,1.80566E+11,0.01209993,74.89331466,2013/9/30 0:00,2013/10/31 0:00,4.766881582,1.915794437,0.541828769,0.922504509
0,2013/11/14,9.6,9.68,9.39,9.49,-0.01556,169111025,1601513585,1.41617E+11,1.77021E+11,0.01133241,73.42330664,2013/9/30 0:00,2013/10/31 0:00,4.6733171,1.878191171,0.531193739,0.904397565
0,2013/11/13,10.04,10.05,9.63,9.64,-0.047431,208714474,2049839119,1.43856E+11,1.79819E+11,0.013986302,74.58383105,2013/9/30 0:00,2013/10/31 0:00,4.747183272,1.907877749,0.539589756,0.918692419
0,2013/11/12,10.01,10.19,10,10.12,0.015045,119655182,1209294436,1.51019E+11,1.88773E+11,0.008018292,78.29756275,2013/9/30 0:00,2013/10/31 0:00,4.983558432,2.002876168,0.566457396,0.964436612
0,2013/11/11,9.99,10.02,9.9,9.97,-0.001002,79759246,793983216,1.4878E+11,1.85975E+11,0.005344799,77.13703604,2013/9/30 0:00,2013/10/31 0:00,4.909692114,1.973189532,0.558061363,0.95014173
0,2013/11/8,10.02,10.1,9.93,9.98,-0.006965,110388788,1104891677,1.48929E+11,1.86162E+11,0.007397335,77.21440488,2013/9/30 0:00,2013/10/31 0:00,4.91461656,1.975168651,0.558621102,0.951094727
0,2013/11/7,10.08,10.19,9.97,10.05,0.001994,114983822,1158380382,1.49974E+11,1.87467E+11,0.007705256,77.75597524,2013/9/30 0:00,2013/10/31 0:00,4.94908695,1.98902219,0.562539187,0.957765564
0,2013/11/6,10.07,10.2,10,10.03,-0.016667,151026564,1522867126,1.49675E+11,1.87094E+11,0.01012054,77.60123837,2013/9/30 0:00,2013/10/31 0:00,4.93923811,1.985063973,0.561419716,0.95585958
0,2013/11/5,10.22,10.25,10.04,10.2,-0.009709,172536527,1747250983,1.52212E+11,1.90265E+11,0.011561958,78.91654035,2013/9/30 0:00,2013/10/31 0:00,5.022955713,2.018709809,0.570935498,0.972060919
0,2013/11/4,10.48,10.54,10.26,10.3,-0.011516,138786390,1438550559,1.53705E+11,1.92131E+11,0.009300306,79.69025302,2013/9/30 0:00,2013/10/31 0:00,5.072201719,2.038501622,0.576533058,0.981591188
0,2013/11/1,10.32,10.53,10.23,10.42,0.008712,164057262,1704932182,1.55495E+11,1.94369E+11,0.010993749,80.61865748,2013/9/30 0:00,2013/10/31 0:00,5.131293697,2.062250498,0.583249762,0.993026886
0,2013/10/31,10.58,10.6,10.31,10.33,-0.024551,211637554,2206625469,1.54152E+11,1.9269E+11,0.014182183,79.92237376,2013/9/30 0:00,2013/10/31 0:00,5.086975963,2.044439343,0.578212376,0.984450354
0,2013/10/30,10.48,10.62,10.31,10.59,0.010496,301165849,3162162382,1.58032E+11,1.9754E+11,0.020181622,81.93393377,2013/6/30 0:00,2013/8/14 0:00,5.429917751,2.217175423,0.611648319,1.058012117
0,2013/10/29,10.22,10.69,10.18,10.48,0.032512,494214050,5150564497,1.56391E+11,1.95488E+11,0.033118102,81.08288778,2013/6/30 0:00,2013/8/14 0:00,5.373517313,2.19414567,0.605295141,1.047022568
0,2013/10/28,10.08,10.22,9.92,10.15,0.007944,164098118,1650688533,1.51466E+11,1.89333E+11,0.010996487,78.52972922,2013/6/30 0:00,2013/8/14 0:00,5.204314636,2.125055854,0.586235454,1.014053656
0,2013/10/25,10.01,10.26,9.99,10.07,0.009018,256524257,2593128919,1.50272E+11,1.8784E+11,0.017190115,77.91080578,2013/6/30 0:00,2013/8/14 0:00,5.163297401,2.108307459,0.581615104,1.006061503
0,2013/10/24,9.96,10.16,9.82,9.98,-0.003992,170003394,1700451825,1.48929E+11,1.86162E+11,0.011392209,77.21448555,2013/6/30 0:00,2013/8/14 0:00,5.117150934,2.089464667,0.576416976,0.997069927
0,2013/10/23,9.95,10.35,9.91,10.02,0.009063,260513178,2639944209,1.49526E+11,1.86908E+11,0.017457419,77.5239612,2013/6/30 0:00,2013/8/14 0:00,5.137660475,2.097839241,0.578727255,1.001066183
0,2013/10/22,10.11,10.11,9.86,9.93,-0.018775,156011435,1554175494,1.48183E+11,1.85229E+11,0.010454585,76.82767201,2013/6/30 0:00,2013/8/14 0:00,5.091516065,2.078997289,0.573529358,0.992075007
0,2013/10/21,9.95,10.16,9.8,10.12,0.024291,211850917,2123854885,1.51019E+11,1.88773E+11,0.014196481,78.29771154,2013/6/30 0:00,2013/8/14 0:00,5.188938383,2.118777333,0.58450341,1.011057614
0,2013/10/18,9.82,10.06,9.8,9.88,0.00611,129849775,1290361115,1.47437E+11,1.84296E+11,0.008701448,76.44088598,2013/6/30 0:00,2013/8/14 0:00,5.065883019,2.068530655,0.570641946,0.987080443
0,2013/10/17,10.01,10.07,9.81,9.82,-0.009082,145253461,1440499464,1.46542E+11,1.83177E+11,0.009733675,75.97666854,2013/6/30 0:00,2013/8/14 0:00,5.035118445,2.055968686,0.567176498,0.981086007
0,2013/10/16,10.09,10.09,9.82,9.91,-0.019782,217322904,2160308473,1.47885E+11,1.84856E+11,0.014563168,76.67301284,2013/6/30 0:00,2013/8/14 0:00,5.081266507,2.07481213,0.572374806,0.990077895
0,2013/10/15,10.3,10.35,10.02,10.11,-0.017493,212323978,2155489652,1.50869E+11,1.88587E+11,0.014228181,78.22036816,2013/6/30 0:00,2013/8/14 0:00,5.18381269,2.116684381,0.583926031,1.01005888
0,2013/10/14,10.45,10.5,10.25,10.29,-0.024645,274009307,2834786588,1.53555E+11,1.91944E+11,0.018361817,79.61303905,2013/6/30 0:00,2013/8/14 0:00,5.276107641,2.154370789,0.594322514,1.028042426
0,2013/10/11,10.1,10.65,10,10.55,0.057114,441961264,4582589758,1.57435E+11,1.96794E+11,0.029616556,81.62467928,2013/6/30 0:00,2013/8/14 0:00,5.409422867,2.208806833,0.609339691,1.054018717
0,2013/10/10,10.3,10.35,9.93,9.98,-0.028238,249225016,2508885945,1.48929E+11,1.86162E+11,0.016700981,77.2146422,2013/6/30 0:00,2013/8/14 0:00,5.117161316,2.089468906,0.576418145,0.99707195
0,2013/10/9,10.1,10.46,10.07,10.27,0.00391,244015218,2503190590,1.53257E+11,1.91571E+11,0.016351864,79.45838817,2013/6/30 0:00,2013/8/14 0:00,5.265858632,2.150185854,0.593168024,1.02604542
0,2013/10/8,10.03,10.33,9.88,10.23,0.013875,258444174,2618477427,1.5266E+11,1.90825E+11,0.017318772,79.1489159,2013/6/30 0:00,2013/8/14 0:00,5.245349316,2.141811372,0.59085777,1.022049208
0,2013/9/30,10.34,10.37,10.02,10.09,-0.014648,256510906,2609512399,1.50571E+11,1.88214E+11,0.01718922,78.06575357,2013/6/30 0:00,2013/8/14 0:00,5.173566087,2.112500428,0.582771811,1.008062343
0,2013/9/27,10.11,10.33,10.05,10.24,0.006883,243782409,2485876805,1.52809E+11,1.91012E+11,0.016336263,79.22625983,2013/6/30 0:00,2013/8/14 0:00,5.250475045,2.143904339,0.591435153,1.023047949
0,2013/9/26,10.75,10.76,10.07,10.17,-0.056586,448493838,4639913820,1.51765E+11,1.89706E+11,0.030054315,78.68467322,2013/6/30 0:00,2013/8/14 0:00,5.21458307,2.12924872,0.587392133,1.016054446
0,2013/9/25,10.74,11.18,10.69,10.78,-0.002775,384146137,4206311478,1.60868E+11,2.01084E+11,0.025742269,83.40418228,2013/6/30 0:00,2013/8/14 0:00,5.527353919,2.256961122,0.622623931,1.076997423
0,2013/9/24,11.19,11.2,10.57,10.81,-0.033095,476900620,5154101324,1.61315E+11,2.01644E+11,0.0319579,83.63627294,2013/6/30 0:00,2013/8/14 0:00,5.542735008,2.263241618,0.62435652,1.079994407
0,2013/9/23,11.05,11.2,10.8,11.18,0.016364,453630138,4987201249,1.66837E+11,2.08546E+11,0.030398507,86.49895588,2013/6/30 0:00,2013/8/14 0:00,5.732450456,2.340707327,0.64572685,1.116960205
0,2013/9/18,10.95,11.19,10.83,11,0.015697,400172137,4413153554,1.64151E+11,2.05188E+11,0.026816197,85.10627677,2013/6/30 0:00,2013/8/14 0:00,5.640154961,2.303020696,0.635330305,1.098976553
0,2013/9/17,11.41,11.48,10.77,10.83,-0.057441,511737943,5694768142,1.61614E+11,2.02017E+11,0.034292407,83.7910093,2013/6/30 0:00,2013/8/14 0:00,5.552989682,2.267428865,0.625511649,1.081992516
0,2013/9/16,12,12.02,11.23,11.49,-0.035264,699493335,8064946319,1.71463E+11,2.14328E+11,0.046874206,88.89736271,2013/6/30 0:00,2013/8/14 0:00,5.891397442,2.405609479,0.663631294,1.14793081
0,2013/9/13,12.08,12.27,11.73,11.91,-0.027755,661646551,7947104255,1.7773E+11,2.22163E+11,0.044338031,92.14682847,2013/6/30 0:00,2013/8/14 0:00,6.106745723,2.493541735,0.687889012,1.189891131
0,2013/9/12,11.3,12.4,11.16,12.25,0.086957,1041527543,12498180262,1.82804E+11,2.28505E+11,0.069794485,94.7773745,2013/6/30 0:00,2013/8/14 0:00,6.281077016,2.564725697,0.707526407,1.223859347
0,2013/9/11,11.21,11.47,11.2,11.27,-0.011404,603551016,6834516257,1.6818E+11,2.10225E+11,0.040444953,87.19514617,2013/6/30 0:00,2013/8/14 0:00,5.778588312,2.359546603,0.650924008,1.125950104
0,2013/9/10,11,11.49,10.77,11.4,0.082621,1198024109,13328930206,1.7012E+11,2.1265E+11,0.080281579,88.20099026,2013/6/30 0:00,2013/8/14 0:00,5.845247515,2.386765274,0.658432776,1.138938559
0,2013/9/9,10.28,10.53,10.18,10.53,0.100313,580189224,6069489608,1.57137E+11,1.96421E+11,0.03887944,81.46986828,2013/6/30 0:00,2013/8/14 0:00,5.399163248,2.204617566,0.608184005,1.052019644
0,2013/9/6,9.15,9.87,9.12,9.57,0.048193,301015112,2850092331,1.42811E+11,1.78514E+11,0.020171521,74.04244817,2013/6/30 0:00,2013/8/14 0:00,4.90693398,2.003627664,0.552737271,0.956109438
0,2013/9/5,9.19,9.19,9.06,9.13,-0.001094,93544409,852833065,1.36245E+11,1.70306E+11,0.006268566,70.63818226,2013/6/30 0:00,2013/8/14 0:00,4.681326797,1.911506435,0.527323948,0.912150184
0,2013/9/4,9.04,9.24,9.03,9.14,0.005501,142450054,1305299487,1.36394E+11,1.70493E+11,0.009545814,70.71554506,2013/6/30 0:00,2013/8/14 0:00,4.686453778,1.913599913,0.527901472,0.913149169
0,2013/9/3,8.96,9.12,8.89,9.09,0.013378,140383661,1269355850,1.35648E+11,1.6956E+11,0.009407342,70.32866706,2013/6/30 0:00,2013/8/14 0:00,4.660814636,1.90313079,0.525013374,0.908153417
0,2013/9/2,9.11,9.29,8.95,8.97,-0.002225,141236900,1281805081,1.33857E+11,1.67322E+11,0.009464518,69.40023078,2013/6/30 0:00,2013/8/14 0:00,4.599285396,1.878006815,0.518082467,0.896164528
0,2013/8/30,8.86,9.05,8.76,8.99,0.007848,129143351,1152526345,1.34156E+11,1.67695E+11,0.00865411,69.55499063,2013/6/30 0:00,2013/8/14 0:00,4.609541626,1.882194698,0.519237771,0.898162941
0,2013/8/29,9.11,9.21,8.86,8.92,-0.008889,146496955,1320039144,1.33111E+11,1.66389E+11,0.009817003,69.01337368,2013/6/30 0:00,2013/8/14 0:00,4.57364764,1.867538258,0.515194524,0.891169046
0,2013/8/28,8.88,9.15,8.79,9,0.005587,243574963,2194823813,1.34305E+11,1.67881E+11,0.016322362,69.63233551,2013/6/30 0:00,2013/8/14 0:00,4.614667418,1.884287691,0.519815161,0.899161694
0,2013/8/27,8.75,9.05,8.7,8.95,0.024027,224672933,2001682217,1.33559E+11,1.66949E+11,0.015055705,69.24546111,2013/6/30 0:00,2013/8/14 0:00,4.589028516,1.873818667,0.516927089,0.894165989
0,2013/8/26,8.45,8.78,8.4,8.74,0.038005,161720147,1399048031,1.30425E+11,1.63031E+11,0.010837135,67.62073765,2013/6/30 0:00,2013/8/14 0:00,4.481355,1.829852793,0.504798301,0.87318595
0,2013/8/23,8.54,8.63,8.25,8.42,-0.00237,117530030,995509250,1.2565E+11,1.57062E+11,0.007875882,65.14490552,2013/6/30 0:00,2013/8/14 0:00,4.317276891,1.762855471,0.486315866,0.841215553
0,2013/8/22,8.41,8.62,8.4,8.44,-0.001183,60326480,513025402,1.25948E+11,1.57435E+11,0.004042577,65.29966572,2013/6/30 0:00,2013/8/14 0:00,4.327533145,1.767043364,0.487471173,0.84321397
0,2013/8/21,8.53,8.58,8.37,8.45,-0.007051,65732224,554832999,1.26097E+11,1.57622E+11,0.004404825,65.37700672,2013/6/30 0:00,2013/8/14 0:00,4.33265868,1.769136252,0.488048534,0.844212674
0,2013/8/20,8.42,8.78,8.39,8.51,0.007101,153605678,1314061899,1.26993E+11,1.58741E+11,0.010293371,65.8412534,2013/6/30 0:00,2013/8/14 0:00,4.363425191,1.781699012,0.491514201,0.850207487
0,2013/8/19,8.24,8.5,8.23,8.45,0.016847,124704778,1044624757,1.26097E+11,1.57622E+11,0.008356674,65.37701124,2013/6/30 0:00,2013/8/14 0:00,4.33265898,1.769136375,0.488048568,0.844212732
0,2013/8/16,8.17,9.04,8.15,8.31,0.010949,264712593,2254296108,1.24008E+11,1.5501E+11,0.017738829,64.29385271,2013/6/30 0:00,2013/8/14 0:00,4.260876002,1.739825534,0.479962637,0.830225916
0,2013/8/15,8.31,8.37,8.2,8.22,-0.01083,67134769,556547154,1.22665E+11,1.53332E+11,0.004498812,63.59752342,2013/6/30 0:00,2013/8/14 0:00,4.214728935,1.720982496,0.474764442,0.821234223
0,2013/8/14,8.44,8.53,8.3,8.31,-0.013064,121903670,1025898643,1.24008E+11,1.5501E+11,0.008168967,64.29382555,2013/6/30 0:00,2013/8/14 0:00,4.260874202,1.739824799,0.479962435,0.830225566
0,2013/8/13,8.3,8.43,8.27,8.42,0.013237,118672580,991814171,1.2565E+11,1.57062E+11,0.007952446,65.14487824,2013/3/31 0:00,2013/4/27 0:00,4.740708259,1.97207996,1.436658762,0.892970143
0,2013/8/12,8.04,8.32,8.01,8.31,0.037453,142760853,1171789122,1.24008E+11,1.5501E+11,0.009566641,64.29382094,2013/3/31 0:00,2013/4/27 0:00,4.67877531,1.946316568,1.417890151,0.881304318
0,2013/8/9,8.05,8.08,7.96,8.01,0.002503,55483572,444645232,1.19531E+11,1.49414E+11,0.003718046,61.97275533,2013/3/31 0:00,2013/4/27 0:00,4.509867252,1.876052764,1.366703022,0.849488428
0,2013/8/8,8.01,8.07,7.95,7.99,-0.002497,54611350,436833724,1.19233E+11,1.49041E+11,0.003659597,61.81802481,2013/3/31 0:00,2013/4/27 0:00,4.498607238,1.871368728,1.363290706,0.847367467
0,2013/8/7,8.03,8.14,8,8.01,-0.002491,68679917,553785268,1.19531E+11,1.49414E+11,0.004602355,61.97277082,2013/3/31 0:00,2013/4/27 0:00,4.50986838,1.876053233,1.366703364,0.84948864
0,2013/8/6,8.03,8.08,7.98,8.03,-0.003722,82798496,664260262,1.1983E+11,1.49787E+11,0.005548464,62.1275305,2013/3/31 0:00,2013/4/27 0:00,4.521130516,1.880738152,1.370116324,0.851610001
0,2013/8/5,7.98,8.07,7.95,8.06,0.010025,53056118,425459707,1.20278E+11,1.50347E+11,0.003555378,62.35963306,2013/3/31 0:00,2013/4/27 0:00,4.53802103,1.887764411,1.375234948,0.854791535
0,2013/8/2,8.06,8.12,7.97,7.98,-0.001252,57767151,463891788,1.19084E+11,1.48855E+11,0.003871072,61.74068271,2013/3/31 0:00,2013/4/27 0:00,4.492978916,1.869027411,1.361585058,0.846307304
0,2013/8/1,7.92,8.02,7.87,7.99,0.016539,58959381,469433179,1.19233E+11,1.49041E+11,0.003950966,61.81807895,2013/3/31 0:00,2013/4/27 0:00,4.498611178,1.871370367,1.363291899,0.847368209
0,2013/7/31,7.91,8.02,7.82,7.86,0.002551,50335414,397874860,1.17293E+11,1.46616E+11,0.003373059,60.81230425,2013/3/31 0:00,2013/4/27 0:00,4.42541917,1.840923336,1.34111126,0.833581603
0,2013/7/30,7.78,7.96,7.74,7.84,0.01292,68907635,540970736,1.16995E+11,1.46243E+11,0.004617615,60.65756679,2013/3/31 0:00,2013/4/27 0:00,4.414158651,1.83623909,1.337698791,0.831460547
0,2013/7/29,7.9,7.9,7.71,7.74,-0.028858,84518514,655293169,1.15502E+11,1.44378E+11,0.005663726,59.88386723,2013/3/31 0:00,2013/4/27 0:00,4.357855163,1.812817488,1.320636171,0.820855099
0,2013/7/26,7.98,8.01,7.94,7.97,-0.006234,42800503,341110312,1.18935E+11,1.48668E+11,0.002868133,61.66334813,2013/3/31 0:00,2013/4/27 0:00,4.487351142,1.866686322,1.359879576,0.845247244
0,2013/7/25,8.02,8.11,7.96,8.02,0.0025,62010839,497968427,1.19681E+11,1.49601E+11,0.004155449,62.05016888,2013/3/31 0:00,2013/4/27 0:00,4.515500774,1.878396244,1.368410246,0.85054957
0,2013/7/24,8.04,8.09,7.9,8,-0.017199,87410550,697536435,1.19382E+11,1.49228E+11,0.005857526,61.89543031,2013/3/31 0:00,2013/4/27 0:00,4.504240173,1.873711964,1.364997751,0.848428499
0,2013/7/23,7.99,8.23,7.94,8.14,0.023899,115906521,942643003,1.21471E+11,1.51839E+11,0.007767088,62.97859923,2013/3/31 0:00,2013/4/27 0:00,4.583064296,1.90650189,1.388885188,0.863275983
0,2013/7/22,7.9,7.99,7.82,7.95,-0.009963,95552055,754153139,1.18636E+11,1.48295E+11,0.006403101,61.50860508,2013/3/31 0:00,2013/4/27 0:00,4.476090216,1.862001906,1.356466983,0.843126112
0,2013/7/19,8.22,8.24,8.02,8.03,-0.020732,76242268,619426708,1.1983E+11,1.49787E+11,0.005109121,62.12758218,2013/3/31 0:00,2013/4/27 0:00,4.521134277,1.880739716,1.370117463,0.851610709
0,2013/7/18,8.41,8.45,8.16,8.2,-0.029586,99044377,818192316,1.22367E+11,1.52958E+11,0.006637128,63.44287997,2013/3/31 0:00,2013/4/27 0:00,4.616850828,1.920556698,1.399124104,0.869640087
0,2013/7/17,8.52,8.55,8.38,8.45,-0.010539,79489709,673336873,1.26097E+11,1.57622E+11,0.005326737,65.37712767,2013/3/31 0:00,2013/4/27 0:00,4.757609462,1.979110666,1.441780626,0.896153691
0,2013/7/16,8.52,8.55,8.41,8.54,-0.002336,78430472,664317070,1.27441E+11,1.59301E+11,0.005255756,66.07347603,2013/3/31 0:00,2013/4/27 0:00,4.808283966,2.000190675,1.457137397,0.905698851
0,2013/7/15,8.55,8.71,8.41,8.56,0.008245,103850924,891216119,1.27739E+11,1.59674E+11,0.006959222,66.22818507,2013/3/31 0:00,2013/4/27 0:00,4.819542417,2.004874061,1.46054924,0.907819517
0,2013/7/12,8.76,8.85,8.43,8.49,-0.041761,162211373,1400965676,1.26694E+11,1.58368E+11,0.010870053,65.68659906,2013/3/31 0:00,2013/4/27 0:00,4.780130244,1.988479051,1.448605488,0.900395754
0,2013/7/11,8.17,8.92,8.17,8.86,0.092478,274152438,2369026958,1.32216E+11,1.6527E+11,0.018371409,68.54928579,2013/3/31 0:00,2013/4/27 0:00,4.988453031,2.075138928,1.511737143,0.939635888
0,2013/7/10,7.95,8.13,7.9,8.11,0.02399,60829122,488041464,1.21024E+11,1.5128E+11,0.00407626,62.74660523,2013/3/31 0:00,2013/4/27 0:00,4.566181681,1.899478917,1.383768957,0.860095936
0,2013/7/9,7.92,7.96,7.88,7.92,0.001264,40964528,324418293,1.18188E+11,1.47735E+11,0.002745101,61.27658007,2013/3/31 0:00,2013/4/27 0:00,4.459205345,1.854977995,1.351350069,0.839945641
0,2013/7/8,8,8.05,7.9,7.91,-0.024661,63977579,508688886,1.18039E+11,1.47549E+11,0.004287243,61.19922425,2013/3/31 0:00,2013/4/27 0:00,4.453576025,1.852636262,1.349644119,0.83888529
0,2013/7/5,8.11,8.22,8.08,8.11,-0.001232,58764344,477728564,1.21024E+11,1.5128E+11,0.003937896,62.74661862,2013/3/31 0:00,2013/4/27 0:00,4.566182655,1.899479322,1.383769252,0.86009612
0,2013/7/4,8.06,8.28,8.02,8.12,0.00995,85794489,697456116,1.21173E+11,1.51466E+11,0.005749231,62.82401781,2013/3/31 0:00,2013/4/27 0:00,4.571815132,1.901822367,1.385476159,0.861157065
0,2013/7/3,8.1,8.11,7.97,8.04,-0.013497,69690313,560255121,1.19979E+11,1.49974E+11,0.004670063,62.20507729,2013/3/31 0:00,2013/4/27 0:00,4.526773733,1.883085665,1.371826485,0.852672969
0,2013/7/2,8.18,8.22,7.95,8.15,-0.002448,84019573,677872934,1.21621E+11,1.52026E+11,0.005630291,63.05614609,2013/3/31 0:00,2013/4/27 0:00,4.588707518,1.908849405,1.390595351,0.864338952
0,2013/7/1,8.22,8.27,8.07,8.17,-0.013285,86027064,702497388,1.21919E+11,1.52399E+11,0.005764816,63.21088634,2013/3/31 0:00,2013/4/27 0:00,4.59996824,1.913533736,1.394007882,0.866460046
0,2013/6/28,7.82,8.3,7.76,8.28,0.050761,157753950,1276035956,1.23561E+11,1.54451E+11,0.010571353,64.06194934,2013/3/31 0:00,2013/4/27 0:00,4.661901603,1.9392973,1.412776619,0.87812595
0,2013/6/27,7.85,7.92,7.7,7.88,0.014157,125823284,982597070,1.17591E+11,1.46989E+11,0.008431627,60.96719362,2013/3/31 0:00,2013/4/27 0:00,4.436690744,1.845612181,1.34452708,0.835704741
0,2013/6/26,7.9,7.95,7.63,7.77,-0.003846,130788936,1016856736,1.1595E+11,1.44937E+11,0.008764383,60.11612958,2013/3/31 0:00,2013/4/27 0:00,4.374757305,1.819848584,1.32575832,0.824038824
0,2013/6/25,7.45,7.84,7.18,7.8,0.037234,246601203,1856925606,1.16398E+11,1.45497E+11,0.016525155,60.34822886,2013/3/31 0:00,2013/4/27 0:00,4.391647582,1.826874744,1.330876872,0.827220313
0,2013/6/24,8.29,8.29,7.5,7.52,-0.091787,249977361,1942163889,1.12219E+11,1.40274E+11,0.016751397,58.18188457,2013/3/31 0:00,2013/4/27 0:00,4.233998868,1.761294698,1.283101858,0.797525258
0,2013/6/21,8.31,8.47,8.22,8.28,-0.016627,147442615,1229287083,1.23561E+11,1.54451E+11,0.009880374,64.06193764,2013/3/31 0:00,2013/4/27 0:00,4.661900752,1.939296946,1.412776362,0.878125789
0,2013/6/20,8.86,8.86,8.4,8.42,-0.052868,137571510,1178952736,1.2565E+11,1.57062E+11,0.009218895,65.14510531,2013/3/31 0:00,2013/4/27 0:00,4.740724783,1.972086834,1.43666377,0.892973256
0,2013/6/19,9.05,9.05,8.82,8.89,-0.019846,53104791,473179675,1.32663E+11,1.65829E+11,0.00355864,68.78144262,2013/3/31 0:00,2013/4/27 0:00,5.005347495,2.08216683,1.516856964,0.942818167
0,2013/6/18,9.05,9.12,9.01,9.07,0.006659,40358845,365844138,1.3535E+11,1.69187E+11,0.002704513,70.17411817,2013/3/31 0:00,2013/4/27 0:00,5.106694963,2.124326208,1.547570039,0.961908197
0,2013/6/17,9.05,9.1,8.96,9.01,-0.001109,52039165,469144449,1.34454E+11,1.68068E+11,0.003487231,69.70991981,2013/3/31 0:00,2013/4/27 0:00,5.072914426,2.110273894,1.537332939,0.955545221
0,2013/6/14,9.07,9.07,8.98,9.02,0,77530686,699500719,1.34603E+11,1.68254E+11,0.00519546,69.78731394,2013/3/31 0:00,2013/4/27 0:00,5.078546534,2.112616786,1.539039734,0.956606097
0,2013/6/13,9.25,9.25,8.91,9.02,-0.035294,127820275,1152185130,1.34603E+11,1.68254E+11,0.008565448,69.78731394,2013/3/31 0:00,2013/4/27 0:00,5.078546534,2.112616786,1.539039734,0.956606097
0,2013/6/7,9.51,9.57,9.32,9.35,-0.010582,72344081,682011573,1.39528E+11,1.7441E+11,0.004847897,72.34049953,2013/3/31 0:00,2013/4/27 0:00,5.264346375,2.189907377,1.595345871,0.99160376
0,2013/6/6,9.61,9.67,9.42,9.45,-0.020725,72417597,688813179,1.4102E+11,1.76275E+11,0.004852823,73.11419393,2013/3/31 0:00,2013/4/27 0:00,5.320649488,2.213328823,1.612408377,1.002209137
0,2013/6/5,9.74,9.77,9.6,9.65,-0.00924,56405768,545296050,1.44005E+11,1.80006E+11,0.003779844,74.66155465,2013/3/31 0:00,2013/4/27 0:00,5.43325367,2.260170864,1.646532768,1.023419507
0,2013/6/4,9.89,9.89,9.7,9.74,-0.010163,60164557,587136100,1.45348E+11,1.81685E+11,0.004031727,75.35786129,2013/3/31 0:00,2013/4/27 0:00,5.483925138,2.28124961,1.661888619,1.032964095
0,2013/6/3,9.97,10.01,9.81,9.84,-0.007641,83186090,823621313,1.4684E+11,1.8355E+11,0.005574438,76.13158661,2013/3/31 0:00,2013/4/27 0:00,5.540230501,2.304671992,1.678951806,1.043569896
0,2013/5/31,10.56,10.62,10.46,10.47,-0.006641,101875600,1074952868,1.56241E+11,1.95302E+11,0.006826853,76.71778722,2013/3/31 0:00,2013/4/27 0:00,5.582889358,2.322417585,1.691879457,1.051605211
0,2013/5/30,10.48,10.62,10.47,10.54,0.001901,89454796,942531006,1.57286E+11,1.96608E+11,0.005994514,77.23067614,2013/3/31 0:00,2013/4/27 0:00,5.620213194,2.33794387,1.703190344,1.05863561
0,2013/5/29,10.58,10.62,10.51,10.52,-0.002844,91459014,966132051,1.56988E+11,1.96235E+11,0.00612882,77.08413919,2013/3/31 0:00,2013/4/27 0:00,5.609549441,2.333507871,1.699958723,1.056626962
0,2013/5/28,10.3,10.56,10.25,10.55,0.025267,111377099,1160468763,1.57435E+11,1.96794E+11,0.007463564,77.30399174,2013/3/31 0:00,2013/4/27 0:00,5.625548501,2.340163296,1.704807194,1.05964058
0,2013/5/27,10.21,10.33,10.18,10.29,0.008824,69546991,714504542,1.53555E+11,1.91944E+11,0.004660459,75.39888804,2013/3/31 0:00,2013/4/27 0:00,5.486910727,2.282491581,1.662793394,1.033526467
0,2013/5/24,10.2,10.28,10.1,10.2,0.004926,63230983,644944802,1.52212E+11,1.90265E+11,0.004237213,74.73938768,2013/3/31 0:00,2013/4/27 0:00,5.438917717,2.262527042,1.648249242,1.024486399
0,2013/5/23,10.29,10.33,10.15,10.15,-0.02027,82484743,845485658,1.51466E+11,1.89333E+11,0.005527439,74.37302616,2013/3/31 0:00,2013/4/27 0:00,5.41225694,2.251436466,1.640169766,1.019464517
0,2013/5/22,10.33,10.38,10.28,10.36,0.001934,71207689,734819190,1.546E+11,1.9325E+11,0.004771745,75.91175748,2013/3/31 0:00,2013/4/27 0:00,5.524233146,2.298017277,1.674103851,1.040556599
0,2013/5/21,10.38,10.42,10.24,10.34,-0.006724,91775245,946356975,1.54302E+11,1.92877E+11,0.006150011,75.76522753,2013/3/31 0:00,2013/4/27 0:00,5.513569901,2.29358149,1.670872384,1.038548047
0,2013/5/20,10.26,10.54,10.2,10.41,0.016602,156851179,1632285383,1.55346E+11,1.94183E+11,0.010510857,76.27812162,2013/3/31 0:00,2013/4/27 0:00,5.550894113,2.309107932,1.682183385,1.045578517
0,2013/5/17,10.15,10.28,10.05,10.24,0.008867,122955149,1250713166,1.52809E+11,1.91012E+11,0.008239428,75.03243316,2013/3/31 0:00,2013/4/27 0:00,5.460243157,2.271398179,1.654711859,1.028503305
0,2013/5/16,9.99,10.16,9.84,10.15,0.016016,111647303,1120193847,1.51466E+11,1.89333E+11,0.007481671,74.37296806,2013/3/31 0:00,2013/4/27 0:00,5.412252712,2.251434708,1.640168485,1.01946372
0,2013/5/15,9.98,10.02,9.93,9.99,0.002006,47275904,471747480,1.49079E+11,1.86348E+11,0.003168037,73.20058745,2013/3/31 0:00,2013/4/27 0:00,5.326936497,2.215944146,1.614313638,1.003393372
0,2013/5/14,10.03,10.05,9.93,9.97,-0.00499,67348057,671548085,1.4878E+11,1.85975E+11,0.004513105,73.05404104,2013/3/31 0:00,2013/4/27 0:00,5.316272055,2.211507861,1.611081808,1.001384595
0,2013/5/13,10.02,10.11,9.93,10.02,-0.000997,66994306,670319776,1.49526E+11,1.86908E+11,0.004489399,73.42040888,2013/3/31 0:00,2013/4/27 0:00,5.342933292,2.222598629,1.619161423,1.006406563
0,2013/5/10,9.93,10.06,9.89,10.03,0.006018,63127003,630968308,1.49675E+11,1.87094E+11,0.004230245,73.49368208,2013/3/31 0:00,2013/4/27 0:00,5.348265513,2.224816771,1.620777338,1.007410952
0,2013/5/9,10.06,10.08,9.89,9.97,-0.00796,64667334,644949072,1.4878E+11,1.85975E+11,0.004333465,73.05404285,2013/3/31 0:00,2013/4/27 0:00,5.316272187,2.211507916,1.611081848,1.001384619
0,2013/5/8,10.12,10.2,10.01,10.05,-0.000994,72153519,728615180,1.49974E+11,1.87467E+11,0.004835127,73.640219,2013/3/31 0:00,2013/4/27 0:00,5.358929264,2.229252768,1.624008959,1.009419599
0,2013/5/7,10.09,10.1,9.98,10.06,-0.00691,60095952,603143645,1.50123E+11,1.87654E+11,0.004027129,73.71349021,2013/3/31 0:00,2013/4/27 0:00,5.36426134,2.23147085,1.62562483,1.010423961
0,2013/5/6,10.03,10.21,9.97,10.13,0.011988,87865272,888293829,1.51168E+11,1.8896E+11,0.005887997,74.22639459,2013/3/31 0:00,2013/4/27 0:00,5.401586301,2.246997604,1.636936058,1.017454572
0,2013/5/3,9.87,10.17,9.83,10.01,0.019348,109373480,1097528959,1.49377E+11,1.86721E+11,0.007329298,73.34710944,2013/3/31 0:00,2013/4/27 0:00,5.337599162,2.220379692,1.617544929,1.005401815
0,2013/5/2,9.77,9.86,9.66,9.82,-0.006073,80667825,786928394,1.46542E+11,1.83177E+11,0.005405684,71.95492554,2013/3/31 0:00,2013/4/27 0:00,5.236287472,2.178235197,1.586842697,0.986318524
0,2013/4/26,9.96,10.01,9.85,9.88,-0.003027,52806428,524919890,1.47437E+11,1.84296E+11,0.003538646,72.39457782,2012/12/31 0:00,2013/3/14 0:00,5.390860117,2.23008474,1.990667256,1.038282173
0,2013/4/25,10,10.07,9.82,9.91,-0.011964,74320334,737540033,1.47885E+11,1.84856E+11,0.004980329,72.61438155,2012/12/31 0:00,2013/3/14 0:00,5.407227795,2.236855702,1.996711301,1.041434596
0,2013/4/24,9.86,10.15,9.77,10.03,0.019309,105005043,1045917590,1.49675E+11,1.87094E+11,0.007036562,73.49365969,2012/12/31 0:00,2013/3/14 0:00,5.472703216,2.263941498,2.02088922,1.054045192
0,2013/4/23,10.28,10.29,9.8,9.84,-0.037182,108826815,1083711298,1.4684E+11,1.8355E+11,0.007292665,72.10145274,2012/12/31 0:00,2013/3/14 0:00,5.369032566,2.221055144,1.98260706,1.034078177
0,2013/4/22,10.11,10.22,10.1,10.22,0.00789,123343744,1254891723,1.52511E+11,1.90638E+11,0.008265468,74.88585874,2012/12/31 0:00,2013/3/14 0:00,5.576373278,2.306827608,2.059171162,1.074012095
0,2013/4/19,9.65,10.19,9.62,10.14,0.05296,178675031,1778831224,1.51317E+11,1.89146E+11,0.01197331,74.29963462,2012/12/31 0:00,2013/3/14 0:00,5.532720116,2.288769219,2.043051486,1.065604475
0,2013/4/18,9.46,9.66,9.42,9.63,0.004171,103421937,985199538,1.43706E+11,1.79633E+11,0.006930475,70.56263735,2012/12/31 0:00,2013/3/14 0:00,5.254444723,2.173652579,1.94029354,1.012008505
0,2013/4/17,9.74,9.74,9.52,9.59,-0.0154,86278542,829038302,1.43109E+11,1.78887E+11,0.005781668,70.26954309,2012/12/31 0:00,2013/3/14 0:00,5.232619468,2.164623932,1.932234192,1.00780495
0,2013/4/16,9.75,9.83,9.6,9.74,-0.009156,126274720,1224441887,1.45348E+11,1.81685E+11,0.008461878,71.36861983,2012/12/31 0:00,2013/3/14 0:00,5.314462185,2.198480533,1.962456014,1.023567896
0,2013/4/15,9.94,9.99,9.79,9.83,-0.011066,75763623,747795127,1.46691E+11,1.83364E+11,0.005077046,72.0281092,2012/12/31 0:00,2013/3/14 0:00,5.363571042,2.218795827,1.980590299,1.033026285
0,2013/4/12,10.03,10.06,9.9,9.94,-0.007984,41832297,417375283,1.48332E+11,1.85416E+11,0.002803251,72.83409125,2012/12/31 0:00,2013/3/14 0:00,5.423588472,2.243623768,2.002752761,1.04458567
0,2013/4/11,10.08,10.12,10,10.02,0.002,43303750,435013681,1.49526E+11,1.86908E+11,0.002901856,73.42027876,2012/12/31 0:00,2013/3/14 0:00,5.467238907,2.261681029,2.01887143,1.052992764
0,2013/4/10,10.03,10.04,9.92,10,-0.003984,54586848,544630505,1.49228E+11,1.86535E+11,0.003657955,73.2737313,2012/12/31 0:00,2013/3/14 0:00,5.456326255,2.257166696,2.014841747,1.050890982
0,2013/4/9,9.96,10.12,9.96,10.04,0.012097,65806596,660726025,1.49825E+11,1.87281E+11,0.004409809,73.56682151,2012/12/31 0:00,2013/3/14 0:00,5.478151209,2.266195217,2.022900984,1.055094478
0,2013/4/8,9.87,9.99,9.7,9.92,-0.013917,89499064,883268138,1.48034E+11,1.85042E+11,0.00599748,72.68752058,2012/12/31 0:00,2013/3/14 0:00,5.412674091,2.239108719,1.998722439,1.042483555
0,2013/4/3,10.05,10.15,9.95,10.06,0.002991,88765772,892637729,1.50123E+11,1.87654E+11,0.005948341,73.71338982,2012/12/31 0:00,2013/3/14 0:00,5.489065414,2.270710193,2.026931241,1.057196559
0,2013/4/2,10.07,10.17,9.94,10.03,-0.00199,83681538,840890523,1.49675E+11,1.87094E+11,0.005607638,73.49357055,2012/12/31 0:00,2013/3/14 0:00,5.472696579,2.263938752,2.020886769,1.054043914
0,2013/4/1,10.06,10.2,10.03,10.05,-0.007897,76052116,767292300,1.49974E+11,1.87467E+11,0.005096378,73.64011438,2012/12/31 0:00,2013/3/14 0:00,5.48360896,2.268452974,2.024916352,1.056145644
0,2013/3/29,10.03,10.21,9.91,10.13,0.010978,131028762,1315731616,1.51168E+11,1.8896E+11,0.008780454,74.22627931,2012/12/31 0:00,2013/3/14 0:00,5.527257715,2.286509539,2.041034401,1.064552414
0,2013/3/28,10.2,10.25,9.68,10.02,-0.068773,298069476,2992135427,1.49526E+11,1.86908E+11,0.019974129,73.42027157,2012/12/31 0:00,2013/3/14 0:00,5.467238372,2.261680808,2.018871233,1.052992661
0,2013/3/27,10.71,10.95,10.63,10.76,0.005607,113814685,1225592652,1.60569E+11,2.00711E+11,0.00762691,78.84250732,2012/12/31 0:00,2013/3/14 0:00,5.871004998,2.428710516,2.167968962,1.130758301
0,2013/3/26,10.98,10.99,10.65,10.7,-0.030797,126327261,1358261944,1.59674E+11,1.99592E+11,0.008465399,78.40290225,2012/12/31 0:00,2013/3/14 0:00,5.83826982,2.415168665,2.155880938,1.124453491
0,2013/3/25,11.13,11.24,11,11.04,-0.001808,89020579,986945885,1.64747E+11,2.05934E+11,0.005965416,80.89420096,2012/12/31 0:00,2013/3/14 0:00,6.023784305,2.491912082,2.224385333,1.160183667
0,2013/3/22,11.01,11.11,10.95,11.06,-0.003604,122824527,1356165867,1.65046E+11,2.06307E+11,0.008230675,81.04072258,2012/12/31 0:00,2013/3/14 0:00,6.034695033,2.496425619,2.228414306,1.162285079
0,2013/3/21,11.2,11.28,10.94,11.1,-0.008043,193267919,2143848514,1.65643E+11,2.07054E+11,0.012951203,81.33384978,2012/12/31 0:00,2013/3/14 0:00,6.056522741,2.50545528,2.23647456,1.166489105
0,2013/3/20,10.68,11.2,10.65,11.19,0.050704,253698290,2793678441,1.66986E+11,2.08732E+11,0.017000742,81.99332207,2012/12/31 0:00,2013/3/14 0:00,6.105630326,2.525770048,2.254608375,1.175947249
0,2013/3/19,10.47,10.66,10.43,10.65,0.016221,114470221,1207222485,1.58928E+11,1.98659E+11,0.007670839,78.03655651,2012/12/31 0:00,2013/3/14 0:00,5.810989894,2.403883537,2.145807359,1.119199364
0,2013/3/18,10.44,10.64,10.39,10.48,-0.002854,142604467,1499673028,1.56391E+11,1.95488E+11,0.009556161,76.79093082,2012/12/31 0:00,2013/3/14 0:00,5.718234414,2.365512558,2.111555812,1.101334616
0,2013/3/15,10.47,10.93,10.38,10.51,0.005742,214299272,2283442403,1.56838E+11,1.96048E+11,0.014360549,77.01071941,2012/12/31 0:00,2013/3/14 0:00,5.734600965,2.372283054,2.117599441,1.104486821
0,2013/3/14,10.4,10.56,10.27,10.45,0.019512,163419368,1707645843,1.55943E+11,1.94929E+11,0.010951002,76.57104845,2012/12/31 0:00,2013/3/14 0:00,5.70186088,2.358739174,2.105509605,1.098181065
0,2013/3/13,10.29,10.42,10.11,10.25,-0.003887,105764431,1083876595,1.52958E+11,1.91198E+11,0.00708745,75.10558821,2012/9/30 0:00,2012/10/31 0:00,5.707081645,2.400065731,1.007660799,1.126720875
0,2013/3/12,10.46,10.65,10.18,10.29,-0.017192,132298619,1371021517,1.53555E+11,1.91944E+11,0.008865549,75.39866282,2012/9/30 0:00,2012/10/31 0:00,5.729351635,2.40943119,1.011592861,1.131117529
0,2013/3/11,10.67,10.67,10.41,10.47,-0.022409,94081221,990803399,1.56241E+11,1.95302E+11,0.006304538,76.71759165,2012/9/30 0:00,2012/10/31 0:00,5.829573665,2.451578732,1.029288387,1.150903869
0,2013/3/8,10.81,10.88,10.6,10.71,-0.004647,103046487,1106726782,1.59823E+11,1.99779E+11,0.006905316,78.47616401,2012/9/30 0:00,2012/10/31 0:00,5.963203083,2.507775473,1.052882429,1.177285663
0,2013/3/7,11.02,11.1,10.51,10.76,-0.031503,191555154,2072717387,1.60569E+11,2.00711E+11,0.012836428,78.84254532,2012/9/30 0:00,2012/10/31 0:00,5.991043462,2.519483512,1.057798017,1.182782051
0,2013/3/6,11.16,11.31,10.96,11.11,0.003613,205631621,2289024741,1.65792E+11,2.0724E+11,0.013779715,81.40711362,2012/9/30 0:00,2012/10/31 0:00,6.185918451,2.601436569,1.092205775,1.221255255
0,2013/3/5,10.36,11.22,10.36,11.07,0.065448,233607734,2525017018,1.65195E+11,2.06494E+11,0.015654441,81.11404856,2012/9/30 0:00,2012/10/31 0:00,6.163649187,2.592071415,1.088273842,1.216858745
0,2013/3/4,10.86,10.9,10.27,10.39,-0.06983,261002023,2758781288,1.55048E+11,1.9381E+11,0.017490178,76.13140065,2012/9/30 0:00,2012/10/31 0:00,5.78503051,2.432846478,1.021423703,1.142109934
0,2013/3/1,11.07,11.31,10.8,11.17,0.009946,223208905,2475460511,1.66687E+11,2.08359E+11,0.014957598,81.8467599,2012/9/30 0:00,2012/10/31 0:00,6.219326048,2.615485856,1.098104329,1.227850752
0,2013/2/28,10.55,11.07,10.39,11.06,0.064485,224658466,2416913062,1.65046E+11,2.06307E+11,0.015054736,81.04072881,2012/9/30 0:00,2012/10/31 0:00,6.158077806,2.589728417,1.087290141,1.215758815
0,2013/2/27,10.36,10.7,10.31,10.39,0.005808,158815735,1662077351,1.55048E+11,1.9381E+11,0.010642505,76.13139575,2012/9/30 0:00,2012/10/31 0:00,5.785030138,2.432846322,1.021423638,1.14210986
0,2013/2/26,10.2,10.76,10.15,10.33,0.000969,238592674,2515148260,1.54152E+11,1.9269E+11,0.01598849,75.69177791,2012/9/30 0:00,2012/10/31 0:00,5.751624701,2.418797943,1.015525466,1.13551479
0,2013/2/25,10.21,10.4,10.2,10.32,0.017751,116274545,1198145581,1.54003E+11,1.92504E+11,0.00779175,75.61850358,2012/9/30 0:00,2012/10/31 0:00,5.746056772,2.416456397,1.014542374,1.134415542
0,2013/2/22,10.19,10.34,10.08,10.14,-0.007828,143226433,1463429410,1.51317E+11,1.89146E+11,0.00959784,74.29961118,2012/9/30 0:00,2012/10/31 0:00,5.645837511,2.37431002,0.996847337,1.114629749
0,2013/2/21,10.65,10.68,10,10.22,-0.054579,290791316,2996527715,1.52511E+11,1.90638E+11,0.019486407,74.88581736,2012/9/30 0:00,2012/10/31 0:00,5.69038182,2.393042759,1.004712224,1.123423911
0,2013/2/20,11.1,11.12,10.58,10.81,-0.026126,264523040,2849978249,1.61315E+11,2.01644E+11,0.017726127,79.20896337,2012/9/30 0:00,2012/10/31 0:00,6.018886633,2.531192726,1.062714097,1.18827899
0,2013/2/19,11.23,11.31,11.07,11.1,-0.01421,114565262,1279590709,1.65643E+11,2.07054E+11,0.007677208,81.33389265,2012/9/30 0:00,2012/10/31 0:00,6.180354577,2.599096727,1.091223399,1.220156807
0,2013/2/18,11.42,11.5,11.19,11.26,-0.007055,119051849,1348960810,1.6803E+11,2.10038E+11,0.007977861,82.50630727,2012/9/30 0:00,2012/10/31 0:00,6.269443367,2.636562277,1.106953205,1.237745166
0,2013/2/8,11.4,11.45,11.06,11.34,-0.007874,195904902,2214211012,1.69224E+11,2.1153E+11,0.013127912,83.09252504,2012/9/30 0:00,2012/10/31 0:00,6.313988556,2.655295386,1.114818247,1.246539502
0,2013/2/7,12,12.02,11.17,11.43,-0.0475,315193605,3634915098,1.70567E+11,2.13209E+11,0.021121645,83.75198819,2012/9/30 0:00,2012/10/31 0:00,6.364099476,2.676369117,1.123665993,1.256432653
0,2013/2/6,11.85,12.05,11.72,12,0.010952,133748186,1595335908,1.79073E+11,2.23842E+11,0.008962687,87.92859653,2012/9/30 0:00,2012/10/31 0:00,6.681469266,2.809836343,1.17970183,1.319089399
0,2013/2/5,11.91,12,11.65,11.87,-0.01657,176944688,2098278652,1.77133E+11,2.21417E+11,0.011857356,86.97603499,2012/9/30 0:00,2012/10/31 0:00,6.60908655,2.779396394,1.166921704,1.304799238
0,2013/2/4,11.98,12.27,11.83,12.07,0.010042,271540507,3269293147,1.80118E+11,2.25147E+11,0.018196379,88.44151083,2012/9/30 0:00,2012/10/31 0:00,6.720444312,2.826226975,1.186583391,1.32678405
0,2013/2/1,11.41,11.97,11.31,11.95,0.040941,223157195,2595572299,1.78327E+11,2.22909E+11,0.014954133,87.5622111,2012/9/30 0:00,2012/10/31 0:00,6.653628574,2.798128172,1.174786188,1.313592949
0,2013/1/31,11.24,11.5,11.12,11.48,0.021352,181147190,2051351346,1.71313E+11,2.14142E+11,0.012138973,84.11832285,2012/9/30 0:00,2012/10/31 0:00,6.391936309,2.688075666,1.128580955,1.261928341
0,2013/1/30,11.29,11.36,11.09,11.24,-0.00531,172171454,1933404997,1.67732E+11,2.09665E+11,0.011537494,82.35977689,2012/9/30 0:00,2012/10/31 0:00,6.258308898,2.631879769,1.104987267,1.235546943
0,2013/1/29,11.21,11.47,11.11,11.3,0.010733,191067344,2155684299,1.68627E+11,2.10784E+11,0.012803739,82.79944193,2012/9/30 0:00,2012/10/31 0:00,6.29171792,2.645929656,1.110886072,1.242142721
0,2013/1/28,10.66,11.21,10.65,11.18,0.04878,263089195,2903989341,1.66837E+11,2.08546E+11,0.017630042,81.9201925,2012/9/30 0:00,2012/10/31 0:00,6.224906004,2.61783246,1.099089544,1.228952375
0,2013/1/25,10.6,10.68,10.53,10.66,0.004713,89716806,951423104,1.59077E+11,1.98846E+11,0.006012072,78.10998732,2012/9/30 0:00,2012/10/31 0:00,5.935378253,2.496073971,1.047969587,1.171792344
0,2013/1/24,10.6,11.04,10.53,10.61,0.000943,320210498,3446063883,1.58331E+11,1.97913E+11,0.021457836,77.74358182,2012/9/30 0:00,2012/10/31 0:00,5.907536035,2.484365158,1.043053675,1.166295593
0,2013/1/23,10.44,10.62,10.37,10.6,0.01145,155968498,1637582752,1.58181E+11,1.97727E+11,0.010451707,77.67033869,2012/9/30 0:00,2012/10/31 0:00,5.901970477,2.482024609,1.042071002,1.165196813
0,2013/1/22,10.38,10.76,10.25,10.48,0.007692,242222065,2546398122,1.56391E+11,1.95488E+11,0.016231702,76.79108081,2012/9/30 0:00,2012/10/31 0:00,5.835157919,2.453927143,1.030274361,1.15200634
0,2013/1/21,10.2,10.44,10.05,10.4,0.023622,178154882,1826584603,1.55197E+11,1.93996E+11,0.011938454,76.20491263,2012/9/30 0:00,2012/10/31 0:00,5.790616497,2.435195619,1.022409983,1.143212748
0,2013/1/18,10.08,10.25,9.97,10.16,0.012961,129872645,1315677034,1.51615E+11,1.89519E+11,0.008702981,74.44634116,2012/9/30 0:00,2012/10/31 0:00,5.656987147,2.378998907,0.998815953,1.116830966
0,2013/1/17,10.05,10.17,9.88,10.03,-0.008893,116672023,1163327254,1.49675E+11,1.87094E+11,0.007818385,73.49378817,2012/9/30 0:00,2012/10/31 0:00,5.58460508,2.34855923,0.986035941,1.102540933
0,2013/1/16,10.28,10.32,9.98,10.12,-0.020329,156691872,1588121377,1.51019E+11,1.88773E+11,0.010500182,74.15323287,2012/9/30 0:00,2012/10/31 0:00,5.634714597,2.369632371,0.994883439,1.112433807
0,2013/1/15,10.35,10.41,10.22,10.33,-0.001932,134039003,1383536241,1.54152E+11,1.9269E+11,0.008982175,75.69197503,2012/9/30 0:00,2012/10/31 0:00,5.75163968,2.418804242,1.01552811,1.135517748
0,2013/1/14,9.75,10.36,9.75,10.35,0.053971,228634872,2326609986,1.54451E+11,1.93063E+11,0.015321201,75.838495,2012/9/30 0:00,2012/10/31 0:00,5.762773358,2.423486418,1.017493909,1.137715815
0,2013/1/11,10.07,10.12,9.77,9.82,-0.021912,171547464,1709899032,1.46542E+11,1.83177E+11,0.01149568,71.9550111,2012/9/30 0:00,2012/10/31 0:00,5.467677344,2.299386243,0.965390802,1.079456469
0,2013/1/10,10.11,10.21,9.99,10.04,-0.009862,121226794,1224888956,1.49825E+11,1.87281E+11,0.008123608,73.56701145,2012/9/30 0:00,2012/10/31 0:00,5.59016913,2.350899145,0.987018348,1.103639416
0,2013/1/9,10.09,10.18,9.98,10.14,0.001976,175906181,1774560423,1.51317E+11,1.89146E+11,0.011787764,74.29975564,2012/9/30 0:00,2012/10/31 0:00,5.645848488,2.374314636,0.996849275,1.114631916
0,2013/1/8,10.34,10.35,10.06,10.12,-0.01938,154851189,1573240155,1.51019E+11,1.88773E+11,0.010376835,74.15322886,2012/9/30 0:00,2012/10/31 0:00,5.634714293,2.369632243,0.994883386,1.112433747
0,2013/1/7,10.05,10.34,10.01,10.32,0.02994,248200915,2534161998,1.54003E+11,1.92504E+11,0.016632354,75.61871965,2012/9/30 0:00,2012/10/31 0:00,5.746073191,2.416463302,1.014545273,1.134418783
0,2013/1/4,10.1,10.26,9.93,10.02,0.010081,261436810,2633796691,1.49526E+11,1.86908E+11,0.017519313,73.42050959,2012/9/30 0:00,2012/10/31 0:00,5.579036828,2.346217548,0.985052792,1.101441621
